"L3_AF_DMSO_B_10_FITC";"L3_AF_100_ETP_11_FITC";"L3_AF_100_ETP_12_FITC";"L3_AF_Med_C_13_FITC";"L3_AF_Med_C_14_FITC";"L3_AF_DMSo_C_15_FITC";"L3_AF_DMSO_C_16_FITC";"L3_AF_100_ETP_17_FITC";"L3_AF_100_ETP_18_FITC";"L3_AF_Med_D_19_FITC";"L3_AF_Med_A_1_FITC";"L3_AF_Med_D_20_FITC";"L3_AF_DMSo_D_21_FITC";"L3_AF_DMSO_D_22_FITC";"L3_AF_100_ETP_23_FITC";"L3_AF_100_ETP_24_FITC";"L3_AF_MedA_2_FITC";"L3_AF_DMSO_A_3_FITC";"L3_AF_DMSO_A_4_FITC";"L3_AF_100_ETP_5_FITC";"L3_AF_100_ETP_6_FITC";"L3_AF_Med_B_7_FITC";"L3_AF_Med_B_8_FITC";"L3_AF_DMSO_B_9_FITC";"L3_BF_Med_1_FITC";"L3_BF_Med_2_FITC";"L3_BF_DMSO_3_FITC";"L3_BF_DMSO_4_FITC";"L3_BF_100цM_ETP_5_FITC";"L3_BF_100цM_ETP_6_FITC";"L5_AF_DMSO_B_10_FITC";"L5_AF_100_ETp_11_FITC";"L5_AF_100_ETP_12_FITC";"L5_AF_MEd_C_13_FITC";"L5_AF_Med_C_14_FITC";"L5_AF_DMSO_C_15_FITC";"L5_AF_DMSO_C_16_FITC";"L5_AF_100_ETP_17_FITC";"L5_AF_100_ETP_18_FITC";"L5_AF_Med_D_19_FITC";"L5_AF_Med_A_1_FITC";"L5_AF_Med_D_20_FITC";"L5_AF_DMSO_D_21_FITC";"L5_AF_DMSO_D_22_FITC";"L5_AF_100_ETP_23_FITC";"L5_AF_100_ETP_24_FITC";"L5_AF_Med_A_2_FITC";"L5_AF_DMSO_A_3_FITC";"L5_AF_DMSO_A_4_FITC";"L5_AF_100_ETP_5_FITC";"L5_AF_100_ETP_6_FITC";"L5_AF_Med_B_7_FITC";"L5_AF_Med_B_8_FITC";"L5_AF_DMSO_B_9_FITC";"L5_BF_Med_1_FITC";"L5_BF_Med_2_FITC";"L5_BF_DMSO_3_FITC";"L5_BF_DMSO_4_FITC";"L5_BF_100_ETP_5_FITC";"L5_BF_100_ETP_6_FITC";"L6_AF_DMSO_B_10_FITC";"L6_AF_100_ETP_11_FITC";"L6_AF_100_ETP_12_FITC";"L6_AF_Med_C_13_FITC";"L6_AF_Med_C_14_FITC";"L6_AF_DMSO_C_15_FITC";"L6_AF_DMSO_C_16_FITC";"L6_AF_100_ETP_17_FITC";"L6_AF_100_ETP_18_FITC";"L6_AF_Med_D_19_FITC";"L6_AF_MEd_A_1_FITC";"L6_AF_Med_D_20_FITC";"L6_AF_DMSO_D_21_FITC";"L6_AF_DMSO_D_22_FITC";"L6_AF_100_ETP_23_FITC";"L6_AF_100_ETP_24_FITC";"L6_AF_Med_A_2_FITC";"L6_AF_DMSO_A_3_FITC";"L6_AF_DMSO_A_4_FITC";"L6_AF_100_ETP_5_FITC";"L6_AF_100_ETP_6_FITC";"L6_AF_MEd_B_7_FITC";"L6_AF_Med_B_8_FITC";"L6_AF_DMSO_B_9_FITC";"L6_BF_Med_1_FITC";"L6_BF_Med_2_FITC";"L6_BF_DMSO_3_FITC";"L6_BF_DMSO_4_FITC";"L6_BF_100_ETP_5_FITC";"L6_BF_100_ETP_6_FITC";"L7_AF_DMSO_B_10_FITC";"L7_AF_100_ETP_11_FITC";"L7_AF_100_ETP_12_FITC";"L7_AF_Med_C_13_FITC";"L7_AF_Med_C_14_FITC";"L7_AF_DMSo_C_15_FITC";"L7_AF_DMSO_C_16_FITC";"L7_AF_100_ETP_17_FITC";"L7_AF_100_ETP_18_FITC";"L7_AF_Med_D_19_FITC";"L7_AF_Med_A_1_FITC";"L7_AF_Med_D_20_FITC";"L7_AF_DMSO_D_21_FITC";"L7_AF_DMSO_D_22_FITC";"L7_AF_100_ETp_23_FITC";"L7_AF_100_ETP_24_FITC";"L7_AF_Med_A_2_FITC";"L7_AF_DMSO_A_3_FITC";"L7_AF_DMSO_A_4_FITC";"L7_AF_100_ETP_5_FITC";"L7_AF_100_ETP_6_FITC";"L7_AF_MEd_B_7_FITC";"L7_AF_MEd_B_8_FITC";"L7_AF_DMSO_B_9_FITC";"L7_BF_MEd_1_FITC";"L7_BF_Med_2_FITC";"L7_BF_DMSO_3_FITC";"L7_BF_DMSO_4_FITC";"L7_BF_100_ETP_5_FITC";"L7_BF_100_ETP_6_FITC"
"0";"0";"0";"0";"0";"0";"0";"0";"0";"0";"0";"0";"0";"0";"14";"1";"0";"0";"0";"0";"0";"0";"0";"0";"0";"0";"0";"0";"0";"0";"0";"0";"0";"0";"0";"0";"0";"0";"0";"0";"0";"0";"0";"0";"0";"0";"0";"0";"0";"2";"0";"0";"0";"0";"0";"0";"0";"0";"0";"0";"0";"9";"0";"0";"0";"0";"0";"0";"6";"0";"0";"0";"0";"0";"0";"0";"0";"0";"0";"1";"7";"0";"0";"0";"0";"0";"0";"0";"12";"3";"0";"0";"0";"0";"0";"0";"0";"9";"2";"0";"0";"0";"0";"0";"4";"1";"0";"0";"0";"0";"0";"0";"0";"0";"0";"0";"0";"0";"0";"8"
"0";"0";"19";"0";"0";"0";"0";"3";"0";"0";"0";"0";"0";"0";"2";"10";"0";"0";"0";"5";"0";"0";"0";"0";"0";"0";"0";"0";"0";"0";"0";"0";"0";"0";"0";"0";"0";"0";"0";"0";"0";"0";"0";"0";"0";"11";"0";"0";"0";"0";"0";"0";"0";"0";"0";"0";"0";"0";"0";"0";"0";"5";"3";"0";"0";"0";"0";"0";"0";"0";"0";"0";"0";"0";"5";"11";"0";"0";"0";"3";"14";"0";"0";"0";"0";"0";"0";"0";"0";"0";"0";"6";"0";"0";"0";"0";"0";"8";"0";"0";"0";"0";"0";"0";"1";"0";"0";"0";"0";"0";"0";"0";"0";"0";"0";"0";"0";"0";"3";"13"
"0";"0";"0";"0";"0";"0";"0";"0";"0";"0";"0";"0";"0";"0";"0";"7";"0";"0";"0";"0";"3";"0";"0";"0";"0";"0";"0";"0";"0";"0";"0";"0";"4";"0";"0";"0";"0";"0";"0";"0";"0";"0";"0";"0";"8";"0";"0";"0";"0";"0";"0";"0";"0";"0";"0";"0";"0";"0";"0";"5";"0";"4";"0";"0";"0";"0";"0";"5";"8";"0";"0";"0";"0";"0";"0";"0";"0";"0";"0";"0";"0";"0";"0";"0";"0";"0";"0";"0";"4";"4";"0";"0";"0";"0";"0";"0";"0";"0";"3";"0";"0";"0";"0";"0";"5";"0";"0";"0";"0";"3";"0";"0";"0";"0";"0";"0";"0";"0";"8";"13"
"0";"1";"12";"0";"0";"0";"0";"24";"0";"0";"0";"0";"0";"0";"0";"0";"0";"0";"0";"0";"0";"0";"0";"0";"0";"0";"0";"0";"3";"0";"0";"0";"0";"0";"0";"0";"0";"0";"3";"0";"0";"0";"0";"0";"0";"9";"0";"0";"0";"0";"0";"0";"0";"0";"0";"0";"0";"0";"0";"0";"0";"0";"0";"0";"0";"0";"0";"0";"23";"0";"0";"0";"0";"0";"16";"3";"0";"0";"0";"0";"12";"0";"0";"0";"0";"0";"0";"0";"0";"0";"0";"0";"0";"0";"0";"0";"0";"6";"0";"0";"0";"0";"0";"0";"3";"0";"0";"0";"0";"0";"0";"0";"0";"0";"0";"0";"0";"0";"3";"13"
"0";"0";"4";"0";"0";"0";"0";"7";"0";"0";"0";"0";"0";"0";"0";"0";"0";"0";"0";"13";"0";"0";"0";"0";"0";"0";"0";"0";"0";"0";"0";"0";"0";"0";"0";"0";"0";"0";"9";"0";"0";"0";"0";"0";"12";"4";"0";"0";"0";"0";"0";"0";"0";"0";"0";"0";"0";"0";"0";"0";"0";"2";"0";"0";"0";"0";"0";"0";"3";"0";"0";"0";"0";"0";"10";"2";"0";"0";"0";"0";"16";"0";"0";"0";"0";"0";"0";"0";"3";"9";"0";"0";"0";"0";"0";"0";"0";"0";"0";"0";"0";"0";"0";"0";"0";"13";"0";"0";"0";"0";"8";"0";"0";"0";"0";"0";"0";"0";"17";"5"
"0";"13";"1";"0";"0";"0";"0";"0";"0";"0";"0";"0";"0";"0";"5";"10";"0";"0";"0";"0";"0";"0";"0";"0";"0";"0";"0";"0";"9";"6";"0";"0";"7";"0";"0";"0";"0";"13";"0";"0";"0";"0";"0";"0";"4";"2";"0";"0";"0";"0";"0";"0";"0";"0";"0";"0";"0";"0";"0";"0";"0";"0";"9";"48";"0";"0";"0";"12";"6";"0";"0";"0";"0";"0";"32";"3";"0";"0";"0";"8";"7";"0";"0";"0";"0";"0";"0";"0";"0";"0";"0";"3";"0";"0";"0";"0";"0";"0";"0";"0";"0";"0";"0";"0";"9";"0";"0";"0";"0";"0";"0";"0";"0";"0";"0";"0";"0";"0";"9";"8"
"0";"0";"0";"0";"0";"0";"0";"3";"0";"0";"0";"0";"0";"0";"0";"8";"0";"0";"0";"0";"0";"0";"0";"0";"0";"0";"0";"0";"0";"0";"0";"0";"7";"0";"0";"0";"0";"0";"0";"0";"0";"0";"0";"0";"0";"13";"0";"0";"0";"0";"0";"0";"0";"0";"0";"0";"0";"0";"2";"0";"0";"3";"2";"0";"0";"0";"0";"4";"0";"0";"0";"0";"0";"0";"1";"11";"0";"0";"0";"2";"10";"0";"0";"0";"0";"0";"0";"0";"4";"3";"0";"0";"11";"0";"0";"0";"0";"0";"0";"0";"0";"0";"0";"0";"0";"0";"0";"0";"0";"0";"0";"0";"0";"0";"0";"0";"0";"0";"8";"15"
"0";"0";"3";"0";"0";"0";"0";"0";"0";"0";"0";"0";"4";"0";"7";"6";"0";"0";"0";"2";"8";"0";"0";"0";"0";"0";"0";"0";"20";"1";"0";"0";"0";"0";"0";"0";"0";"0";"0";"0";"0";"0";"0";"0";"0";"0";"0";"0";"0";"0";"0";"0";"0";"0";"0";"0";"0";"0";"0";"0";"0";"0";"0";"0";"0";"0";"7";"13";"9";"0";"0";"0";"0";"0";"7";"5";"0";"0";"0";"11";"5";"0";"0";"9";"0";"0";"0";"0";"6";"4";"0";"0";"0";"0";"0";"0";"0";"11";"20";"0";"0";"0";"0";"0";"7";"0";"0";"0";"0";"0";"0";"0";"0";"0";"0";"0";"0";"0";"10";"21"
"0";"0";"8";"0";"0";"0";"0";"19";"12";"0";"0";"0";"0";"0";"0";"0";"0";"0";"0";"0";"0";"0";"0";"0";"0";"0";"0";"0";"0";"5";"0";"0";"0";"0";"0";"0";"0";"0";"0";"0";"0";"0";"0";"0";"0";"10";"0";"0";"0";"0";"0";"0";"0";"0";"0";"0";"0";"0";"0";"0";"0";"10";"0";"0";"0";"0";"0";"10";"0";"0";"0";"0";"0";"0";"1";"4";"0";"0";"0";"6";"0";"0";"0";"0";"0";"0";"0";"0";"1";"25";"0";"0";"0";"0";"0";"0";"0";"0";"0";"0";"0";"0";"0";"0";"11";"0";"0";"0";"0";"0";"0";"0";"0";"0";"0";"0";"0";"0";"0";"6"
"0";"12";"0";"0";"0";"0";"0";"0";"2";"0";"0";"0";"0";"0";"0";"0";"0";"0";"0";"0";"8";"0";"0";"0";"0";"0";"0";"0";"12";"0";"0";"0";"0";"0";"0";"0";"0";"5";"3";"0";"0";"0";"0";"0";"0";"16";"0";"0";"0";"0";"0";"0";"0";"0";"0";"0";"0";"0";"7";"0";"0";"5";"11";"0";"0";"18";"0";"58";"0";"0";"0";"0";"0";"0";"8";"9";"0";"0";"0";"4";"18";"0";"0";"0";"0";"0";"0";"0";"3";"11";"0";"0";"0";"0";"0";"0";"0";"0";"7";"0";"0";"0";"0";"0";"0";"0";"0";"0";"0";"0";"9";"0";"0";"0";"0";"0";"0";"0";"11";"14"
"0";"5";"0";"0";"0";"0";"0";"6";"0";"0";"0";"0";"0";"0";"2";"0";"0";"0";"0";"0";"0";"0";"0";"0";"0";"0";"0";"0";"0";"10";"0";"0";"0";"0";"0";"0";"0";"9";"8";"0";"0";"0";"0";"0";"0";"0";"0";"0";"0";"0";"0";"0";"0";"0";"0";"0";"0";"0";"0";"0";"0";"0";"0";"0";"28";"0";"0";"4";"1";"0";"0";"0";"0";"0";"14";"0";"0";"0";"0";"8";"8";"0";"0";"0";"0";"0";"0";"0";"0";"10";"0";"10";"10";"0";"0";"0";"0";"0";"48";"0";"0";"0";"0";"0";"6";"4";"0";"0";"0";"0";"1";"0";"0";"0";"0";"0";"0";"0";"9";"9"
"0";"21";"0";"0";"0";"0";"0";"5";"7";"0";"0";"0";"0";"0";"12";"6";"0";"0";"0";"7";"0";"0";"0";"0";"0";"0";"0";"0";"0";"1";"0";"0";"0";"0";"0";"0";"0";"0";"0";"0";"0";"0";"0";"0";"10";"21";"0";"0";"0";"0";"0";"0";"0";"0";"0";"0";"0";"0";"0";"0";"0";"0";"0";"0";"0";"0";"0";"0";"7";"0";"0";"0";"0";"0";"7";"8";"0";"0";"0";"5";"0";"0";"0";"0";"0";"0";"0";"0";"5";"3";"0";"2";"3";"0";"0";"0";"0";"0";"13";"0";"0";"0";"0";"0";"0";"0";"10";"0";"0";"0";"3";"0";"0";"0";"0";"0";"0";"0";"3";"6"
"0";"0";"0";"0";"0";"0";"0";"5";"5";"0";"0";"0";"0";"0";"0";"6";"0";"0";"0";"0";"0";"0";"0";"0";"0";"0";"0";"0";"6";"2";"0";"0";"0";"0";"0";"0";"0";"0";"0";"0";"0";"0";"0";"0";"0";"0";"0";"0";"0";"0";"0";"0";"0";"0";"0";"0";"0";"0";"0";"0";"0";"7";"0";"0";"0";"0";"0";"0";"24";"0";"0";"0";"0";"0";"25";"28";"0";"0";"0";"6";"0";"0";"0";"0";"0";"0";"0";"0";"4";"0";"0";"0";"7";"0";"0";"0";"0";"0";"0";"0";"0";"0";"0";"0";"3";"6";"0";"0";"0";"0";"5";"0";"0";"0";"0";"0";"0";"0";"3";"8"
"0";"0";"0";"0";"0";"0";"0";"0";"4";"0";"0";"0";"0";"0";"0";"13";"0";"0";"0";"0";"0";"0";"0";"0";"0";"0";"0";"0";"13";"2";"0";"0";"0";"0";"0";"0";"0";"0";"8";"0";"0";"0";"0";"0";"0";"10";"0";"0";"0";"0";"0";"0";"0";"0";"0";"0";"0";"0";"0";"0";"0";"0";"0";"0";"0";"0";"0";"0";"10";"0";"0";"0";"0";"0";"6";"9";"0";"0";"0";"8";"0";"0";"0";"0";"0";"0";"0";"0";"13";"9";"0";"0";"0";"0";"0";"0";"0";"1";"0";"0";"0";"0";"0";"0";"0";"4";"0";"0";"0";"0";"9";"0";"0";"0";"0";"0";"0";"0";"5";"5"
"0";"0";"11";"0";"0";"0";"0";"7";"0";"0";"0";"0";"0";"0";"0";"0";"0";"0";"0";"0";"0";"0";"0";"0";"0";"0";"0";"0";"0";"12";"0";"0";"13";"0";"0";"0";"0";"0";"0";"0";"0";"0";"0";"0";"0";"8";"0";"0";"0";"0";"0";"0";"0";"0";"0";"0";"0";"0";"0";"0";"0";"11";"0";"0";"0";"0";"0";"4";"0";"0";"0";"0";"0";"0";"0";"8";"0";"0";"0";"3";"5";"0";"0";"0";"0";"0";"0";"0";"11";"2";"0";"7";"0";"0";"0";"0";"0";"0";"0";"0";"0";"0";"0";"0";"0";"0";"0";"0";"0";"0";"3";"0";"0";"0";"0";"0";"0";"0";"13";"20"
"0";"0";"0";"0";"0";"0";"0";"0";"14";"0";"0";"0";"0";"0";"4";"0";"0";"0";"0";"1";"4";"0";"0";"0";"0";"0";"0";"0";"25";"1";"0";"0";"0";"0";"0";"0";"0";"10";"0";"0";"0";"0";"0";"0";"0";"1";"0";"0";"0";"0";"0";"0";"0";"0";"0";"1";"0";"0";"11";"0";"0";"0";"2";"0";"0";"0";"0";"8";"14";"0";"0";"0";"0";"0";"0";"0";"0";"0";"0";"8";"0";"0";"0";"0";"0";"0";"0";"0";"0";"0";"0";"0";"0";"0";"0";"0";"0";"0";"0";"0";"0";"0";"0";"0";"10";"0";"0";"0";"0";"0";"0";"0";"0";"0";"0";"0";"0";"0";"11";"0"
"0";"0";"0";"0";"0";"0";"0";"0";"0";"0";"0";"0";"0";"0";"6";"0";"0";"0";"0";"0";"0";"0";"0";"0";"0";"0";"0";"0";"0";"4";"0";"0";"0";"0";"0";"0";"0";"10";"0";"0";"0";"0";"0";"0";"0";"2";"0";"0";"0";"0";"0";"0";"0";"0";"0";"0";"0";"0";"0";"0";"0";"9";"0";"0";"0";"0";"0";"9";"0";"0";"0";"0";"0";"0";"26";"0";"0";"0";"0";"6";"24";"0";"0";"0";"0";"0";"0";"0";"9";"2";"0";"7";"5";"0";"0";"0";"0";"0";"1";"0";"0";"0";"0";"0";"3";"0";"0";"0";"0";"0";"0";"0";"0";"0";"0";"0";"0";"0";"3";"15"
"0";"0";"0";"0";"0";"0";"0";"0";"3";"0";"0";"0";"0";"0";"0";"6";"0";"0";"0";"0";"0";"0";"0";"0";"0";"0";"0";"0";"0";"3";"0";"7";"0";"0";"0";"0";"0";"0";"0";"0";"0";"0";"0";"0";"0";"8";"0";"0";"0";"0";"0";"0";"0";"6";"0";"0";"0";"0";"0";"0";"0";"0";"2";"0";"0";"0";"0";"7";"6";"0";"0";"0";"0";"0";"8";"9";"0";"0";"0";"6";"8";"0";"0";"0";"0";"0";"0";"0";"2";"0";"0";"0";"0";"0";"0";"0";"0";"0";"3";"0";"0";"0";"0";"0";"0";"9";"0";"0";"0";"1";"10";"0";"0";"0";"0";"0";"0";"0";"2";"11"
"0";"0";"20";"0";"0";"0";"0";"9";"0";"0";"0";"0";"0";"0";"13";"37";"0";"0";"0";"0";"0";"0";"0";"0";"0";"0";"0";"0";"0";"7";"0";"0";"0";"0";"0";"0";"0";"0";"0";"0";"0";"0";"0";"0";"13";"0";"0";"0";"0";"14";"2";"0";"0";"0";"0";"0";"0";"0";"0";"0";"0";"4";"2";"0";"0";"0";"0";"0";"0";"0";"0";"0";"0";"0";"0";"6";"0";"0";"0";"7";"7";"0";"0";"0";"0";"0";"0";"0";"10";"4";"0";"4";"0";"0";"0";"0";"0";"0";"0";"0";"0";"0";"0";"0";"0";"0";"0";"0";"0";"0";"13";"0";"0";"0";"0";"0";"0";"0";"0";"4"
"0";"0";"0";"0";"0";"0";"0";"1";"7";"0";"0";"0";"0";"0";"18";"0";"0";"0";"0";"0";"0";"0";"0";"0";"0";"0";"0";"0";"0";"13";"0";"1";"0";"0";"0";"0";"0";"0";"0";"0";"0";"0";"0";"0";"10";"0";"0";"0";"0";"0";"0";"0";"0";"0";"0";"0";"0";"0";"9";"0";"0";"0";"0";"0";"0";"0";"0";"0";"5";"0";"0";"0";"0";"0";"17";"0";"0";"0";"0";"2";"15";"0";"0";"0";"0";"0";"0";"0";"12";"3";"0";"23";"0";"0";"0";"0";"0";"5";"0";"0";"0";"0";"0";"0";"6";"0";"0";"0";"0";"0";"0";"0";"0";"0";"0";"0";"0";"0";"4";"13"
"0";"0";"0";"0";"0";"0";"0";"0";"8";"0";"0";"0";"0";"0";"6";"0";"0";"0";"0";"0";"0";"0";"0";"0";"0";"0";"0";"0";"0";"8";"0";"0";"0";"0";"0";"0";"0";"0";"0";"0";"0";"0";"0";"0";"0";"4";"0";"0";"0";"0";"0";"0";"0";"0";"0";"0";"0";"0";"45";"0";"0";"11";"6";"0";"0";"0";"0";"0";"0";"0";"0";"0";"0";"0";"0";"46";"0";"0";"0";"0";"5";"0";"0";"0";"0";"0";"0";"0";"0";"12";"0";"0";"0";"0";"0";"0";"0";"0";"0";"0";"0";"0";"0";"0";"0";"0";"0";"0";"0";"0";"0";"0";"0";"0";"0";"0";"0";"0";"0";"0"
"0";"19";"0";"0";"0";"0";"0";"12";"0";"0";"0";"0";"0";"0";"0";"8";"0";"0";"0";"1";"0";"0";"0";"0";"0";"0";"0";"0";"2";"2";"0";"0";"0";"0";"0";"0";"0";"0";"0";"0";"0";"0";"0";"0";"0";"17";"0";"0";"0";"5";"0";"0";"0";"0";"0";"0";"0";"0";"0";"0";"0";"3";"0";"0";"0";"0";"0";"16";"0";"0";"0";"0";"0";"0";"0";"15";"0";"0";"0";"15";"0";"0";"0";"0";"0";"0";"0";"0";"16";"0";"0";"6";"16";"0";"0";"0";"0";"10";"0";"0";"0";"0";"0";"0";"0";"12";"0";"0";"0";"0";"9";"0";"0";"0";"0";"0";"0";"0";"0";"7"
"0";"0";"0";"0";"0";"0";"0";"15";"5";"0";"0";"0";"0";"0";"15";"0";"0";"0";"0";"7";"0";"0";"0";"0";"0";"0";"0";"0";"0";"0";"0";"0";"0";"0";"0";"0";"0";"0";"0";"0";"0";"0";"0";"0";"0";"4";"0";"0";"0";"0";"0";"0";"0";"0";"0";"0";"0";"0";"1";"0";"0";"0";"0";"0";"0";"0";"0";"0";"0";"0";"0";"0";"0";"0";"29";"0";"0";"0";"0";"0";"12";"0";"0";"0";"0";"0";"0";"0";"0";"4";"0";"2";"9";"0";"0";"0";"0";"0";"2";"0";"0";"0";"0";"0";"0";"0";"0";"0";"0";"39";"16";"0";"0";"0";"0";"0";"0";"0";"4";"6"
"0";"4";"0";"0";"0";"0";"0";"2";"12";"0";"0";"0";"0";"0";"13";"0";"0";"0";"0";"0";"0";"0";"0";"0";"0";"0";"0";"0";"0";"2";"0";"0";"3";"0";"0";"0";"0";"0";"0";"0";"0";"0";"0";"0";"0";"9";"0";"0";"0";"0";"0";"0";"0";"0";"0";"0";"0";"0";"0";"0";"0";"1";"0";"0";"0";"0";"0";"1";"0";"0";"0";"0";"0";"0";"0";"5";"0";"0";"0";"5";"0";"0";"0";"0";"0";"0";"0";"0";"0";"0";"0";"7";"0";"0";"0";"0";"0";"0";"0";"0";"0";"0";"0";"0";"12";"0";"0";"0";"0";"11";"0";"0";"0";"0";"0";"0";"0";"0";"13";"10"
"0";"0";"5";"0";"0";"0";"0";"0";"0";"0";"0";"0";"0";"0";"1";"6";"0";"0";"0";"15";"0";"0";"0";"0";"0";"0";"0";"0";"0";"0";"0";"0";"0";"0";"0";"0";"0";"1";"0";"0";"0";"0";"0";"0";"0";"0";"0";"0";"0";"0";"0";"0";"0";"0";"0";"0";"0";"0";"8";"0";"0";"4";"0";"0";"0";"0";"0";"0";"0";"0";"0";"0";"0";"0";"0";"9";"0";"0";"0";"12";"13";"0";"0";"0";"0";"0";"0";"0";"0";"18";"0";"3";"10";"0";"0";"0";"0";"0";"0";"0";"0";"0";"0";"0";"0";"12";"0";"0";"0";"0";"7";"0";"0";"0";"0";"0";"0";"0";"3";"8"
"0";"0";"0";"0";"0";"0";"0";"0";"10";"0";"0";"0";"0";"0";"0";"0";"0";"0";"0";"0";"8";"0";"0";"0";"0";"0";"0";"0";"2";"9";"0";"0";"0";"0";"0";"0";"0";"0";"10";"0";"0";"0";"0";"0";"0";"0";"0";"0";"0";"0";"3";"0";"0";"0";"0";"0";"0";"0";"0";"0";"0";"0";"12";"0";"0";"0";"0";"5";"14";"0";"0";"0";"0";"0";"0";"0";"0";"0";"0";"0";"0";"0";"0";"0";"0";"0";"0";"0";"5";"1";"0";"0";"5";"0";"0";"0";"0";"0";"0";"0";"0";"0";"0";"0";"0";"0";"0";"0";"0";"0";"0";"0";"0";"0";"0";"0";"0";"0";"20";"7"
"0";"10";"0";"0";"0";"0";"0";"3";"7";"0";"0";"0";"0";"0";"0";"4";"0";"0";"0";"0";"1";"0";"0";"0";"0";"0";"0";"0";"11";"0";"0";"0";"0";"0";"0";"0";"0";"0";"0";"0";"0";"0";"0";"0";"0";"3";"0";"0";"0";"0";"0";"0";"0";"5";"0";"0";"0";"0";"0";"0";"0";"0";"0";"0";"0";"0";"0";"0";"16";"0";"0";"0";"0";"0";"17";"7";"0";"0";"0";"3";"15";"0";"0";"0";"0";"0";"0";"0";"5";"7";"0";"2";"0";"0";"0";"0";"0";"6";"0";"0";"0";"0";"0";"0";"0";"0";"0";"0";"0";"15";"4";"0";"0";"0";"0";"0";"0";"0";"7";"2"
"0";"6";"4";"0";"0";"0";"0";"3";"0";"0";"0";"0";"0";"0";"0";"0";"0";"0";"0";"0";"0";"0";"0";"0";"0";"0";"0";"0";"11";"0";"0";"0";"0";"0";"0";"0";"0";"0";"0";"0";"0";"0";"0";"0";"0";"6";"0";"0";"0";"0";"19";"0";"0";"0";"0";"0";"0";"0";"0";"0";"0";"7";"9";"0";"0";"0";"0";"0";"0";"0";"0";"0";"0";"0";"3";"8";"0";"0";"0";"6";"10";"0";"0";"0";"0";"0";"0";"0";"1";"3";"0";"9";"0";"0";"0";"0";"0";"6";"0";"0";"0";"0";"0";"0";"0";"7";"0";"0";"0";"0";"15";"0";"0";"0";"0";"0";"0";"0";"0";"5"
"0";"3";"0";"0";"0";"0";"0";"15";"0";"0";"0";"0";"0";"0";"1";"10";"0";"0";"0";"0";"0";"0";"0";"0";"0";"0";"0";"0";"0";"6";"0";"0";"0";"0";"0";"0";"0";"0";"0";"0";"0";"0";"0";"0";"0";"0";"0";"0";"0";"0";"0";"0";"0";"0";"0";"0";"0";"0";"0";"0";"0";"5";"0";"0";"0";"0";"0";"13";"0";"0";"0";"0";"0";"0";"9";"5";"0";"0";"0";"0";"14";"0";"0";"0";"0";"0";"0";"0";"12";"0";"0";"11";"0";"0";"0";"0";"0";"0";"0";"0";"0";"0";"0";NA;"10";"0";"0";"0";"0";"0";"0";"0";"0";"0";"0";"0";"0";"0";"2";"2"
"0";"0";"0";"0";"0";"0";"0";"2";"3";"0";"0";"0";"0";"0";"0";"0";"0";"0";"0";"0";"0";"0";"0";"0";"0";"0";"0";"0";"13";"6";"0";"0";"0";"0";"0";"0";"0";"0";"1";"0";"0";"0";"0";"0";"0";"0";"0";"0";"0";"0";"0";"0";"0";"0";"0";"0";"0";"0";"0";"0";"0";"0";"4";"0";"0";"0";"0";"3";"13";"0";"0";"0";"0";"0";"18";"8";"0";"0";"0";"0";"13";"0";"0";"0";"0";"0";"0";"0";"0";"0";"0";"0";"4";"0";"0";"0";"0";"0";"0";"0";"0";"0";"0";NA;"0";"1";"0";"0";"0";"0";"0";"0";"0";"0";"0";"0";"0";"0";"3";"10"
"0";"9";"2";"0";"0";"0";"0";"2";"3";"0";"0";"0";"0";"0";"9";"0";"0";"0";"0";"0";"8";"0";"0";"0";"0";"0";"0";"0";"1";"2";"0";"0";"0";"0";"0";"0";"0";"0";"0";"0";"0";"0";"0";"0";"8";"0";"0";"0";"0";"0";"0";"0";"0";"0";"0";"0";"0";"0";"0";"0";"0";"19";"8";"0";"0";"0";"0";"0";"5";"0";"0";"0";"0";"0";"1";"4";"0";"0";"0";"10";"0";"0";"0";"0";"0";"0";"0";"0";"0";"0";"0";"0";"12";"0";"1";"0";"0";"0";"0";"0";"0";"0";"0";NA;"0";"8";"0";"0";"0";"4";"2";"0";"0";"0";"0";"0";"0";"0";"3";"2"
"0";"0";"0";"0";"0";"0";"0";"13";"13";"0";"0";"0";"0";"0";"0";"6";"0";"0";"0";"1";"0";"0";"0";"0";"0";"0";"0";"0";"5";"0";"0";"0";"0";"0";"0";"0";"0";"0";"0";"0";"0";"0";"0";"0";"0";"0";"0";"0";"0";"0";"0";"0";"0";"0";"0";"0";"0";"0";"0";"0";"0";"14";"9";"0";"0";"0";"0";"1";"3";"0";"0";"0";"0";"0";"4";"6";"0";"0";"0";"44";"0";"0";"0";"0";"0";"0";"0";"0";"0";"6";"0";"0";"8";"0";"0";"0";"0";"0";"0";"0";"0";"0";"0";NA;"14";"0";"0";"0";"0";"0";"0";"0";"0";"0";"0";"0";"0";"0";"5";"8"
"0";"4";"0";"0";"0";"0";"0";"4";"0";"0";"0";"0";"0";"0";"7";"9";"0";"0";"0";"0";"0";"0";"0";"0";"0";"0";"0";"0";"5";"0";"0";"2";"0";"0";"0";"0";"0";"0";"0";"0";"0";"0";"1";"0";"1";"0";"0";"0";"0";"0";"0";"0";"0";"4";"0";"0";"0";"0";"0";"0";"0";"0";"0";"0";"0";"0";"0";"5";"0";"0";"0";"0";"0";"0";"0";"0";"0";"0";"0";"14";"5";"0";"0";"0";"0";"0";"0";"0";"1";"3";"0";"0";"0";"0";"0";"0";"0";"0";"0";"0";"0";"0";"0";NA;"0";"0";"0";"0";"0";"0";"0";"0";"0";"0";"0";"0";"0";"0";"0";"0"
"0";"0";"0";"0";"0";"0";"0";"11";"0";"0";"0";"0";"0";"0";"0";"0";"0";"0";"0";"0";"0";"0";"0";"0";"0";"0";"0";"0";"0";"3";"0";"0";"0";"0";"0";"0";"0";"0";"0";"0";"0";"0";"0";"0";"10";"0";"0";"0";"0";"0";"2";"0";"0";"0";"0";"0";"0";"0";"12";"0";"0";"11";"0";"0";"0";"0";"0";"3";"12";"0";"0";"0";"0";"0";"0";"6";"0";"0";"0";"12";"0";"0";"0";"0";"0";"0";"0";"0";"5";"4";"0";"7";"11";"0";"0";"0";"0";"9";"0";"0";"0";"0";"0";NA;"7";"0";"0";"0";"0";"1";"0";"0";"0";"0";"0";"0";"0";"0";"13";"19"
"0";"0";"0";"0";"0";"0";"0";"0";"3";"0";"0";"0";"0";"0";"0";"0";"0";"0";"0";"2";"0";"0";"0";"0";"0";"0";"0";"0";"0";"6";"0";"0";"0";"0";"0";"0";"0";"0";"0";"0";"0";"0";"0";"0";"0";"0";"0";"0";"0";"0";"0";"0";"0";"0";"0";"0";"0";"0";"0";"0";"0";"4";"0";"0";"0";"0";"0";"15";"0";"0";"0";"0";"0";"0";"0";"0";"2";"0";"0";"19";"0";"0";"0";"0";"0";"0";"0";"0";"15";"5";"0";"0";"0";"0";"0";"0";"0";"0";"0";"0";"0";"0";"0";NA;"0";"0";"0";"0";"0";"10";"0";"0";"0";"0";"0";"0";"0";"0";"13";"4"
"0";"6";"0";"0";"0";"0";"0";"4";"10";"0";"0";"0";"0";"0";"13";"0";"0";"0";"0";"0";"1";"0";"0";"0";"0";"0";"0";"0";"1";"10";"0";"0";"9";"0";"0";"0";"0";"0";"0";"0";"0";"0";"0";"0";"0";"8";"0";"0";"0";"12";"0";"0";"0";"0";"0";"0";"0";"0";"0";"0";"0";"2";"7";"0";"0";"0";"0";"4";"8";"0";"0";"0";"0";"0";"10";"0";"0";"0";"0";"1";"11";"0";"0";"0";"0";"0";"0";"0";"0";"18";"0";"0";"7";"0";"0";"0";"0";"9";"0";"0";"0";"0";"0";NA;"1";"0";"0";"0";"0";"0";"1";"0";"0";"0";"0";"0";"0";"0";"3";"15"
"0";"0";"0";"0";"0";"0";"0";"8";"0";"0";"0";"0";"0";"0";"0";"14";"0";"0";"0";"0";"7";"0";"0";"0";"0";"0";"0";"0";"0";"12";"0";"0";"0";"0";"0";"0";"0";"0";"0";"0";"0";"0";"0";"0";"0";"0";"0";"0";"0";"0";"0";"0";"0";"0";"0";"0";"0";"0";"0";"0";"0";"2";"3";"0";"0";"0";"0";"0";"1";"0";"0";"0";"0";"0";"0";"0";"0";"0";"0";"12";"0";"0";"0";"0";"0";"0";"0";"0";"0";"14";"0";"0";"0";"0";"0";"0";"0";"4";"3";"0";"0";"0";"0";NA;"0";"41";"0";"0";"0";"0";"0";"0";"0";"0";"0";"0";"0";"0";"0";"18"
"0";"0";"0";"0";"0";"0";"0";"6";"0";"0";"0";"0";"0";"0";"3";"1";"0";"0";"0";"7";"0";"0";"0";"0";"0";"0";"0";"0";"1";"0";"0";"0";"0";"0";"0";"0";"0";"0";"0";"0";"0";"0";"0";"0";"7";"0";"0";"0";"0";"0";"0";"0";"0";"0";"0";"0";"0";"0";"4";"0";"0";"0";"0";"0";"0";"0";"0";"3";"0";"0";"0";"0";"0";"0";"0";"0";"0";"0";"0";"0";"0";"0";"0";"0";"0";"0";"0";"0";"0";"7";"0";"6";"0";"0";"0";"0";"0";"5";"4";"0";"0";"0";"0";NA;"2";"0";"0";"0";"0";"9";"10";"0";"0";"0";"0";"0";"0";"0";"0";"7"
"0";"0";"0";"0";"0";"0";"0";"0";"0";"0";"0";"0";"0";"0";"2";"0";"0";"0";"0";"6";"0";"0";"0";"0";"0";"0";"0";"0";"0";"0";"0";"0";"0";"0";"0";"0";"0";"5";"12";"0";"0";"0";"0";"0";"0";"0";"0";"0";"0";"0";"0";"0";"7";"0";"0";"0";"0";"0";"0";"0";"0";"3";"0";"1";"0";"0";"0";"5";"0";"0";"0";"0";"0";"0";"0";"7";"0";"0";"0";"0";"25";"0";"0";"0";"0";"0";"0";"0";"6";"0";"0";"3";"4";"0";"0";"0";"0";"0";"0";"0";"0";"0";"0";NA;"0";"0";"0";"0";"0";"0";"0";"0";"0";"0";"0";"0";"0";"0";"5";"3"
"0";"0";"3";"0";"0";"0";"0";"21";"8";"0";"0";"0";"0";"0";"8";"2";"0";"0";"0";"0";"0";"0";"0";"0";"0";"0";"0";"0";"0";"0";"0";"0";"0";"0";"0";"0";"0";"0";"0";"0";"0";"1";"0";"0";"18";"7";"0";"0";"0";"0";"1";"0";"0";"0";"0";"0";"0";"0";"2";"0";"0";"0";"0";"0";"0";"0";"0";"2";"8";"0";"0";"0";"0";"0";"0";"0";"0";"4";"0";"0";"4";"0";"0";"0";"0";"0";"0";"0";"0";"0";"0";"0";"0";"0";NA;"0";"0";"0";"0";"0";"0";"0";"0";NA;"0";"8";"0";"0";"0";"0";"7";"0";"0";"0";"0";"0";"0";"0";"0";"5"
"0";"0";"24";"0";"0";"0";"0";"0";"0";"0";"0";"0";"0";"0";"0";"0";"0";"0";"0";"2";"21";"0";"0";"0";"0";"0";"0";"0";"0";"17";"0";"0";"0";"0";"0";"0";"0";"0";"0";"0";"0";"0";"0";"0";"0";"4";"0";"0";"0";"8";"0";"0";"0";"0";"0";"0";"0";"0";"0";"0";"0";"22";"9";"0";"0";"0";"0";"37";"8";"0";"0";"0";"0";"0";"0";"8";"0";"0";"0";"0";"0";"0";"0";"0";"0";"0";"0";"0";"0";"12";"0";"0";"0";"0";NA;"0";"0";"0";"0";"0";"0";"0";"0";NA;"5";"0";"0";"0";"0";"0";"0";"0";"0";"10";"0";"0";"0";"0";"20";"8"
"0";"0";"0";"0";"0";"0";"0";"19";"4";"0";"0";"0";"0";"0";"2";"0";"0";"0";"0";"0";"7";"0";"0";"0";"0";"0";"0";"0";"0";"0";"0";"1";"0";"0";"0";"0";"0";"0";"0";"0";"0";"0";"0";"0";"0";"0";"0";"0";"0";"0";"11";"0";"0";"0";"0";"0";"0";"0";"0";"0";"0";"0";"5";"0";"0";"0";"0";"0";"16";"0";"0";"0";"0";"0";"0";"5";"0";"0";"0";"6";"37";"0";"0";"0";"0";"0";"0";"0";"0";"0";"0";"5";"0";"0";NA;"0";"0";"0";"0";"0";"0";"0";"0";NA;"0";"0";"0";"0";"0";"0";"4";"0";"0";"0";"0";"0";"0";"0";"7";"11"
"0";"38";"0";"0";"0";"0";"0";"8";"2";"0";"0";"0";"0";"0";"0";"0";"0";"0";"0";"10";"0";"0";"0";"0";"0";"0";"0";"0";"0";"0";"0";"0";"0";"0";"0";"0";"0";"0";"5";"0";"0";"0";"0";"0";"0";"0";"0";"0";"0";"0";"0";"0";"0";"0";"0";"0";"0";"0";"0";"0";"0";"0";"25";"0";"0";"0";"0";"0";"6";"0";"0";"0";"0";"0";"2";"3";"0";"0";"0";"8";"12";"0";"0";"0";"0";"0";"0";"0";"0";"7";"0";"15";"0";"0";NA;"0";"0";"0";"2";"0";"0";"0";"0";NA;"0";"0";"0";"0";"0";"0";"0";"0";"0";"0";"0";"0";"0";"0";"0";"0"
"0";"0";"7";"0";"0";"0";"0";"0";"7";"0";"0";"0";"0";"0";"0";"13";"0";"0";"0";"0";"6";"0";"0";"0";"0";"0";"0";"0";"5";"10";"0";"0";"1";"0";"0";"0";"0";"16";"0";"0";"0";"0";"0";"0";"0";"0";"0";"0";"0";"0";"0";"0";"0";"0";"0";"0";"0";"0";"0";"0";"0";"0";"0";"0";"0";"0";"0";"10";"3";"0";"0";"0";"0";"0";"15";"29";"0";"0";"0";"0";"4";"0";"0";"0";"0";"0";"0";"0";"0";"15";"0";"3";"0";"0";NA;"0";"0";"0";"4";"0";"0";"0";"0";NA;"0";"0";"0";"0";"0";"0";"0";NA;"0";"0";"0";"0";"0";"0";"0";"18"
"0";"0";"0";"0";"0";"0";"0";"12";"0";"0";"0";"0";"0";"0";"0";"15";"0";"0";"0";"0";"0";"0";"0";"0";"0";"0";"0";"0";"0";"0";"0";"0";"0";"0";"0";"0";"0";"0";"0";"0";"0";"0";"0";"0";"0";"0";"0";"0";"0";"0";"0";"0";"0";"0";"0";"0";"0";"0";"0";"0";"0";"0";"0";"0";"0";"0";"0";"0";"2";"0";"0";"0";"0";"0";"5";"7";"0";"0";"0";"13";"7";"0";"0";"0";"0";"0";"0";"0";"20";"0";"0";"0";"0";"0";NA;"0";"0";"0";"0";"0";"0";"0";"0";NA;"0";"0";"0";"0";"0";"0";"0";NA;"0";"0";"0";"0";"0";"0";"7";"10"
"0";"0";"0";"0";"0";"0";"0";"13";"5";"0";"0";"0";"0";"0";"0";"6";"0";"0";"0";"0";"0";"0";"0";"0";"0";"0";"0";"0";"0";"0";"0";"0";"0";"0";"0";"0";"0";"10";"0";"0";"0";"0";"0";"0";"0";"0";"0";"0";"0";"0";"0";"0";"0";"0";"0";"0";"0";"0";"0";"0";"0";"0";"8";"0";"3";"0";"0";"3";"0";"0";"0";"0";"0";"0";"0";"0";"0";"0";"0";"20";"0";"0";"0";"0";"0";"0";"0";"0";"1";"0";"0";"11";"0";"0";NA;"0";"0";"0";"0";"0";"0";"0";"0";NA;"1";"0";"0";"0";"0";"0";"0";NA;"0";"0";"0";"0";"0";"0";"6";"10"
"0";"0";"6";"0";"0";"0";"0";"0";"14";"0";"0";"0";"0";"0";"1";"0";"0";"0";"0";"0";"0";"0";"0";"0";"0";"0";"0";"0";"0";"11";"0";"0";"0";"0";"0";"0";"0";"2";"0";"0";"0";"0";"0";"0";"14";"0";"0";"0";"0";"0";"0";"0";"0";"0";"0";"0";"0";"0";"0";"0";"0";"1";"0";"0";"0";"8";"0";"6";"0";"0";"0";"0";"0";"0";"8";"0";"0";"0";"0";"0";"0";"0";"0";"0";"0";"0";"0";"0";"6";"0";"0";"6";"0";"0";NA;"0";"0";"10";"0";"0";"0";"0";"0";NA;"0";"0";"0";"0";"0";"0";"12";NA;"0";"0";"0";"0";"0";"0";"2";"9"
"0";"0";"0";"0";"0";"0";"0";"8";"0";"0";"0";"0";"0";"0";"0";"1";"0";"0";"0";"0";"0";"0";"0";"0";"0";"0";"0";"0";"3";"15";"0";"0";"9";"0";"0";"0";"0";"0";"0";"0";"0";"0";"0";"0";"0";"6";"0";"0";"0";"0";"0";"0";"0";"0";"0";"0";"0";"0";"0";"0";"0";"3";"8";"0";"0";"0";"14";"0";"0";"0";"0";"0";"0";"0";"2";"8";"0";"0";"0";"5";"19";"0";"0";"0";"0";"0";"0";"0";"0";"9";"0";"3";"5";"0";NA;"0";"0";"0";"0";"0";"0";"0";NA;NA;"0";"4";"0";"0";"0";"0";"2";NA;"0";"0";"0";"0";"0";"0";"0";"0"
"0";"12";"0";"0";"0";"0";"0";"8";"3";"0";"0";"0";"0";"0";"0";"0";"0";"0";"0";"0";"0";"0";"0";"31";"0";"0";"0";"0";"0";"0";"0";"0";"0";"0";"0";"0";"0";"9";"0";"0";"0";"0";"0";"0";"0";"5";"0";"0";"0";"0";"0";"0";"0";"0";"0";"0";"0";"0";"4";"0";"0";"5";"8";"7";"0";"0";"0";"4";"11";"0";"0";"0";"0";"0";"6";"0";"0";"0";"0";"1";"0";"0";"0";"0";"0";"0";"0";"0";"0";"3";"0";"6";"0";"0";NA;"0";"0";"0";"21";"0";"0";"0";NA;NA;"0";"0";"0";"0";"0";"0";"9";NA;"0";"0";"0";"0";"0";"0";"21";"10"
"0";"0";"0";"0";"0";"0";"0";"0";"0";NA;"0";"0";"0";"0";"0";"8";"0";"0";"0";"6";"12";"0";"0";"0";"0";"0";"0";"0";"0";"0";"0";"0";"0";"0";"0";"0";"0";"0";"0";"0";"0";"0";NA;"0";"12";"7";"0";"0";"0";"0";"0";"0";"0";"0";"0";"0";"0";"0";"15";"0";"0";"8";"0";"0";"0";"0";"0";"0";"10";"0";"0";"0";"0";"0";"0";"0";"0";"0";"0";"9";"7";"0";"0";"0";"0";"0";"0";"0";"13";"6";"0";"0";"4";"0";NA;"0";"0";"12";"0";"0";"0";"0";NA;NA;"0";"0";"0";"0";"0";"0";"0";NA;"0";"0";"0";"0";"0";"0";"0";"0"
"0";"16";"0";"0";"0";"0";"0";"3";"0";NA;"0";"0";"0";"0";"0";"0";"0";"0";"0";"0";"0";"0";"0";"0";NA;"0";"0";"0";NA;"0";"0";"0";"0";"0";"0";"0";"0";"0";"0";"0";"0";"0";NA;"0";"7";"10";"0";"0";"0";"0";"0";"0";"0";"0";"0";"0";"0";"0";"0";"0";"0";"4";"7";"0";"0";"0";"0";"0";"0";"0";"0";"0";"0";"0";"1";"0";"0";"0";"0";"17";"4";"0";"0";"0";"0";"0";"0";"0";"0";"0";"0";"0";"4";"0";NA;"0";"0";"0";"5";"0";"0";"0";NA;NA;"0";"0";"0";"0";"0";"0";"22";NA;"0";"0";"0";"0";"0";"0";"6";"40"
"0";"0";"0";"0";"0";"0";"0";"0";"13";NA;"0";"0";"0";"0";"5";"0";"0";"0";"0";"6";"0";"0";"0";"0";NA;"0";"0";"0";NA;"0";"0";"0";"0";"0";"0";"0";"0";"0";"0";"0";"0";"0";NA;"0";"0";"0";"0";"0";"0";"0";"0";"0";"0";"0";"0";"0";"0";"0";"0";"0";"0";"10";"7";"0";"0";"0";"0";"0";"7";"0";"0";"0";"0";"0";"4";"0";"0";"0";"0";"3";"11";"0";"0";"0";"0";"0";"0";"0";"2";"10";"0";"0";"0";NA;NA;"0";"0";"0";"6";"0";"0";"0";NA;NA;"0";"0";"0";"0";"0";"0";"0";NA;"0";"0";"0";"0";"0";"0";"0";"13"
"0";"0";"8";"0";"0";"0";"0";"0";"0";NA;"0";"0";"0";"0";"14";"0";"0";"0";"0";"0";"0";"0";"0";"0";NA;NA;NA;NA;NA;NA;"0";"0";"0";"0";"0";"0";"0";"0";"0";"0";"0";"0";NA;"0";"9";"0";"0";"0";"0";"0";"0";"0";"0";"0";"0";"0";"0";"0";"0";"0";"0";"0";"3";"0";"0";"0";"0";"0";"0";"0";"0";"0";"0";"0";"5";"0";"0";"0";"0";"10";"0";"0";"0";"0";"0";"0";"0";"0";"12";"9";"0";"0";"5";NA;NA;"0";"0";"0";"0";"0";"0";"0";NA;NA;"0";"0";"0";"0";"0";"0";"0";NA;"0";"0";"0";"0";"0";"0";"3";"13"
"0";"0";"0";"0";"0";"0";"0";"0";"9";NA;"0";"0";"0";"0";"3";"7";"0";"0";"0";"11";"0";"0";"0";"0";NA;NA;NA;NA;NA;NA;"0";"0";"0";"0";"0";"0";"0";"0";"0";"0";"0";"0";NA;"0";"0";"0";"0";"0";"0";"0";"0";"0";"0";"0";"0";"0";"0";"0";"0";"0";"0";"8";"13";"0";"0";"0";"0";"0";"6";"0";"0";"0";"0";"0";"0";"7";"0";"0";"0";"0";"11";"0";"0";"0";"0";"0";"0";"0";"0";"2";"0";"14";"4";NA;NA;"0";"0";"0";"0";"0";"0";"0";NA;NA;"0";"0";"0";"0";"0";"0";"7";NA;"0";"0";"0";"0";"0";"0";"10";"41"
"0";"0";"0";"0";"0";"0";"0";"11";"1";NA;"0";"0";"0";"0";"0";"0";"0";"0";"1";"6";"0";"0";"0";"0";NA;NA;NA;NA;NA;NA;"0";"0";"0";"0";"0";"0";"0";"0";"0";"0";"0";"0";NA;"0";"0";"0";"0";"0";"0";"0";"0";"0";"0";"0";"0";"0";"0";"0";"0";"0";"0";"1";"3";"0";"0";"0";"0";"0";"0";"0";"0";"0";"0";"0";"0";"0";"0";"0";"0";"25";"12";"0";"0";"0";"0";"0";"0";"0";"0";"8";"0";"0";"0";NA;NA;"0";"0";"0";"11";"0";"0";"0";NA;NA;"0";"0";"0";"0";"0";"0";"0";NA;"0";"0";"0";"0";"0";"0";"22";"8"
"0";"0";"0";"0";"0";"0";"0";"41";"0";NA;"0";"0";"0";"0";"0";"15";"0";"0";"0";"12";"0";"0";"0";"0";NA;NA;NA;NA;NA;NA;"0";"0";"12";"0";"0";"0";"0";"0";"9";"0";"0";"0";NA;"0";"0";"0";"0";"0";"0";"0";"0";"0";"0";"0";"0";"0";"0";"0";"9";"0";"0";"8";"4";"0";"0";"0";"0";"4";"11";"0";"0";"0";"0";"0";"0";"6";"0";"0";"0";"15";"16";"0";"0";"0";"0";"0";"0";"0";"4";"3";"0";"4";"0";NA;NA;"0";"0";"0";"6";"0";"0";"0";NA;NA;"0";"5";"0";"0";"0";"0";"14";NA;"0";"0";"0";"0";"0";"0";"6";"4"
"0";"0";"0";"0";"0";"0";"0";"0";"9";NA;"0";"0";"0";"0";"1";"11";"0";"0";"0";"0";"0";"0";"0";"0";NA;NA;NA;NA;NA;NA;"0";"0";"0";"0";"0";"0";"0";"0";"0";"0";"0";"0";NA;"0";"10";"0";"0";"0";"0";"0";"0";"0";"0";"0";"0";"0";NA;"0";"16";"0";"0";"1";"4";"0";"0";"0";"0";"24";"9";"0";"0";"0";"0";"0";"0";"2";"0";"0";"0";"34";"0";"0";"0";"0";"0";"0";"0";"0";"0";"2";"0";"0";"0";NA;NA;"0";"0";"4";"0";"0";"0";NA;NA;NA;"0";"5";"0";"0";"0";"0";"0";NA;"0";"0";"0";"0";"0";"0";"10";"7"
"0";"0";"6";"0";"0";"0";"0";"0";"0";NA;"0";"0";"0";"0";"10";"0";"0";"0";"0";"0";"5";"0";"0";"0";NA;NA;NA;NA;NA;NA;"0";"0";"48";"0";"0";"0";"0";"0";"0";"0";"0";"0";NA;"0";"0";"8";"0";"0";"0";"0";"0";"0";"0";"0";"0";"0";NA;"0";"0";"0";"0";"10";"1";"0";"0";"0";"0";"3";"9";"0";"0";"0";"0";"0";"0";"12";"0";"0";"0";"9";"3";"0";"0";"0";"0";"0";"0";"0";"7";"7";"0";"13";"0";NA;NA;"0";"0";"0";"6";"0";"0";NA;NA;NA;"3";"0";"0";"0";"0";"0";"0";NA;"0";"0";"0";"0";"0";"0";"0";"17"
"0";"0";"18";"0";"0";"0";"0";"0";"7";NA;"0";"0";"0";"0";"0";"0";"0";"0";"0";"2";"0";"0";"0";"0";NA;NA;NA;NA;NA;NA;"0";"0";"0";"0";"0";"0";"0";"0";"0";"0";"0";"0";NA;"0";"0";"0";"0";"0";"0";"3";"0";NA;"0";"0";"0";"0";NA;"0";"0";"0";"0";"9";"0";"0";"0";"0";"0";"0";"0";"0";"0";"0";"0";"0";"0";"12";"0";"0";"0";"6";"7";"0";"0";"0";"0";"0";"0";"0";"8";"0";"0";"0";"0";NA;NA;"0";"0";"3";"3";"0";"0";NA;NA;NA;"0";"0";"0";"0";"0";"0";"0";NA;"0";"0";"0";"0";"0";"0";"0";"1"
"0";"0";"10";"0";"0";"0";"0";"0";"0";NA;"0";"0";"0";"0";"3";"2";"0";"0";"0";"7";"6";"0";"0";"0";NA;NA;NA;NA;NA;NA;"0";"6";"0";"0";"0";"0";"0";"0";"0";"0";"0";"0";NA;"0";"22";"6";"0";"0";"0";"0";"0";NA;"0";"0";NA;"0";NA;"0";"0";"0";"0";"0";"1";"0";"0";"0";"0";"7";"11";"0";"0";"0";"0";"0";"0";"0";"0";"0";"0";"9";"9";"0";"0";"0";"0";"0";"0";"0";"2";"5";"0";"0";"6";NA;NA;"0";"0";"0";"8";"0";"0";NA;NA;NA;"10";"14";"0";"0";"0";"0";"0";NA;"0";"0";"0";"0";"0";"0";"0";"0"
"0";"0";"14";"0";"0";"0";"0";"0";"12";NA;"0";"0";"0";"0";"0";"5";"0";"0";"0";"0";"0";"0";"0";"0";NA;NA;NA;NA;NA;NA;"0";"0";NA;"0";"0";"0";"0";"0";"0";"0";"0";"0";NA;"0";"0";"5";"0";"0";"0";"0";"0";NA;"0";"0";NA;"0";NA;"0";"0";"0";"0";"5";"0";"0";"0";"0";"0";"3";"0";"0";"0";"0";"0";"0";"6";"4";"0";"0";"0";"17";"11";"0";"0";"0";"0";"0";"0";"0";"5";"2";"0";"5";"0";NA;NA;"0";"0";"14";"4";NA;"0";NA;NA;NA;"0";"0";"0";"0";"0";"0";"6";NA;"0";"0";"0";"0";"0";"0";"0";"16"
"0";"0";"1";"0";"0";"0";"0";"0";"1";NA;"0";"0";"0";"0";"0";"0";"0";"0";"0";"0";"3";"0";"0";"0";NA;NA;NA;NA;NA;NA;"0";"0";NA;"0";"0";"0";"0";"0";"0";"0";"0";"0";NA;"0";"21";"0";"0";"0";"0";"0";"0";NA;"0";"0";NA;"0";NA;"0";"0";"0";"0";"5";"8";"0";"0";"0";"0";"0";"6";"0";"0";"0";"0";"0";"20";"0";"0";"0";"0";"5";"0";"0";"0";"0";"0";"0";"0";"0";"13";"3";"0";"0";"0";NA;NA;"0";"0";"18";"0";NA;"0";NA;NA;NA;"0";"0";"0";"0";"0";"0";"12";NA;"0";"0";"0";"0";"0";"0";"0";"12"
"0";"4";"0";"0";"0";"0";"0";"8";"2";NA;"0";"0";"0";"0";"0";"0";"0";"0";"0";"0";"15";"0";"0";"0";NA;NA;NA;NA;NA;NA;"0";"0";NA;"0";"0";"0";"0";"0";"0";"0";"0";"0";NA;"0";"9";"11";"0";"0";"0";"0";"13";NA;"0";"0";NA;"0";NA;"0";"6";"0";"0";"7";"7";"0";"0";"0";"0";"13";"2";"0";"0";"0";"0";"0";"0";"6";"0";"0";"0";"5";"0";"0";"0";"0";"0";"0";"0";"0";"2";"0";"0";"0";"6";NA;NA;"0";"0";"0";"21";NA;"0";NA;NA;NA;"0";"0";"0";"0";"0";"0";"0";NA;"0";"0";"0";"0";"0";"0";"3";"15"
"0";"0";"0";"0";"0";"0";"0";"15";"1";NA;"0";"0";"0";"0";"0";"3";"0";"0";"0";"3";"0";"0";"0";"0";NA;NA;NA;NA;NA;NA;"0";"0";NA;"0";"0";"0";"0";"0";"0";"0";"0";"0";NA;"0";"19";"0";"0";"0";"0";"0";"1";NA;"0";"0";NA;"0";NA;"0";"4";"0";"0";"8";"0";"0";"0";"0";"0";"0";"0";"0";"0";"0";"0";"0";"6";"7";"0";"0";"0";"30";"0";"0";"0";"0";"0";"0";"0";"0";"7";"7";"0";"9";"0";NA;NA;"0";"0";"0";"0";NA;"0";NA;NA;NA;"0";"0";"0";"0";"0";"0";"0";NA;"0";"0";"0";"0";"0";"0";"34";"7"
"0";"0";"0";"0";"0";"0";"0";"2";"15";NA;"0";"0";"0";"0";"4";"10";"0";"0";"0";"18";"15";"0";"0";"0";NA;NA;NA;NA;NA;NA;"0";"0";NA;"0";"0";"0";"0";"0";"0";"0";"0";"0";NA;"0";"10";"10";"0";"0";"0";"0";"0";NA;"0";"0";NA;"0";NA;"0";"0";"0";"0";"11";"0";"0";"0";"0";"0";"0";"18";"0";"0";"0";"0";"0";"13";"6";"0";"0";"0";"2";"7";"0";"0";"0";"0";"0";"0";"0";"0";"0";"0";"0";"2";NA;NA;"0";"0";"11";"9";NA;"0";NA;NA;NA;"0";"3";"0";"0";"0";"0";"5";NA;"0";"0";"0";"0";"0";"0";"3";"1"
"0";"0";"0";"0";"0";"0";"0";"42";"0";NA;"0";"0";"0";"0";"0";"0";"0";"0";"0";"0";"0";"0";"0";"0";NA;NA;NA;NA;NA;NA;"0";"0";NA;"0";"0";"0";"0";"0";"0";"0";"0";"0";NA;"0";"0";"8";"0";"0";"0";"0";"0";NA;"0";"0";NA;"0";NA;"0";"0";"0";"0";"6";"0";"0";"0";"0";"0";"0";"0";"0";"0";"0";"0";"0";"13";"0";"0";"0";"0";"9";"4";"0";"0";"0";"0";"0";"0";"0";"22";"10";"0";"0";"0";NA;NA;"0";"0";"8";"7";NA;"0";NA;NA;NA;"19";"0";"0";"0";"0";"2";"0";NA;"0";"0";"0";"0";"0";"0";"6";"0"
"0";"0";"0";"0";"0";"0";"0";"0";"8";NA;"0";"0";"0";"0";"1";"0";"0";"0";"0";"0";"0";"0";"0";"0";NA;NA;NA;NA;NA;NA;"0";"0";NA;"0";"0";"0";"0";"1";"0";"0";"0";"0";NA;"0";"1";"0";"0";"0";"0";"0";"3";NA;"0";"0";NA;"0";NA;"0";"0";"0";"0";"0";"0";"0";"0";"0";"0";"36";"9";"0";"0";"0";"0";"0";"5";"8";"0";"0";"0";"0";"9";"0";"0";"0";"0";"0";"0";"0";"14";"3";"0";"0";"3";NA;NA;"0";"0";"0";"0";NA;"0";NA;NA;NA;"0";"6";"0";"0";"0";"0";"8";NA;"0";"0";"0";"0";"0";"0";"7";"21"
"0";"0";"0";"0";"0";"0";"0";"14";"11";NA;"0";"0";"0";"0";"16";"7";"0";"0";"0";"0";"6";"0";"0";"0";NA;NA;NA;NA;NA;NA;"0";"0";NA;"0";"0";"0";"0";"2";"0";"0";"0";"0";NA;"0";"8";"17";"0";"0";"0";"0";"0";NA;"0";"0";NA;"0";NA;"0";"8";"0";"0";"7";"7";"0";"0";"0";"0";"0";"0";"0";"0";"0";"0";"0";"0";"5";"0";"0";"0";"0";"6";"0";"0";"0";"0";"0";"0";"0";"8";"32";"0";"0";"0";NA;NA;"0";"0";"0";"0";NA;"0";NA;NA;NA;"5";"0";"0";"0";"0";"0";"11";NA;"0";"5";"0";"0";"0";"0";"0";"3"
"0";"0";"14";"0";"0";"0";"0";"0";"0";NA;"0";"0";"0";"0";"0";"18";"0";"0";"0";"11";"14";"0";"0";"0";NA;NA;NA;NA;NA;NA;"0";"0";NA;"0";"0";"0";"0";"0";"0";"0";"0";"0";NA;"0";"9";"9";"0";"0";"0";"5";"2";NA;"0";"0";NA;"0";NA;"0";"0";"0";"0";"5";"8";"0";"0";"0";"0";"0";"0";"0";"0";"0";"0";"0";"32";"0";"0";"0";"0";"0";"2";"0";"0";"0";"0";"0";"0";"0";"0";"0";"0";"12";"7";NA;NA;"0";"0";"14";"4";NA;"0";NA;NA;NA;"6";"8";"0";"0";"0";"0";"0";NA;"0";"0";"0";"0";"0";"0";"24";"6"
"0";"0";"4";"0";"0";"0";"0";"2";"17";NA;"0";"0";"0";"0";"1";"0";"0";"0";"0";"0";"0";"0";"0";"0";NA;NA;NA;NA;NA;NA;"0";"0";NA;"0";"0";"0";"0";"0";"0";"0";"0";"0";NA;"0";"0";"1";"0";"0";"0";"7";"0";NA;"0";"0";NA;"0";NA;"0";"0";"0";"0";"12";"0";"4";"0";"0";"0";"0";"0";"0";"0";"0";"0";"0";"7";"7";"0";"0";"0";"11";"0";"0";"0";"0";"0";"0";"0";"0";"5";"12";"0";"1";"0";NA;NA;"0";"0";"9";"0";NA;"0";NA;NA;NA;"0";"0";"0";"0";"0";"0";"12";NA;"0";"0";"0";"0";"0";"0";"9";"2"
"0";"0";"0";"0";"0";"0";"0";"0";"0";NA;"0";"0";"0";"0";"5";"1";"0";"0";"0";"0";"0";"0";"0";"0";NA;NA;NA;NA;NA;NA;"0";"0";NA;"0";"0";"0";"0";"0";"4";"0";"0";"0";NA;"0";"9";"0";"0";"0";"0";"0";"0";NA;"0";"0";NA;"0";NA;"0";"0";"0";"0";"0";"0";"0";"0";"0";"0";"6";"8";"0";"0";"0";"0";"0";"7";"0";"0";"0";"0";"21";"0";"0";"0";"0";"0";"0";"0";"0";"20";"16";"0";"2";"0";NA;NA;"0";"0";"0";"0";NA;"0";NA;NA;NA;"5";"14";"0";"0";"0";"1";"4";NA;"0";"0";"0";"0";"0";"0";"0";"0"
"0";"0";"16";"0";"0";"0";"0";"0";"6";NA;"0";"0";"0";"0";"0";"13";"0";"0";"0";"0";"7";"0";"0";"0";NA;NA;NA;NA;NA;NA;"0";"0";NA;"0";"0";"0";"0";"3";"0";"0";"0";"0";NA;"0";"0";"2";"0";"0";"0";"0";"0";NA;"0";"0";NA;"0";NA;"0";"0";"0";"0";"0";"0";"0";"0";"0";"0";"5";"1";"0";"0";"0";"0";"0";"8";"8";"0";"0";"0";"9";"0";"0";"0";"0";"0";"0";"0";"0";"10";"0";"0";"0";"0";NA;NA;"0";"0";"14";"0";NA;"0";NA;NA;NA;"4";"0";"0";"0";"0";"0";"0";NA;"0";"0";"0";"0";"0";"0";"5";"6"
"0";"9";"7";"0";"0";"0";"0";"16";"13";NA;"0";"0";"0";"0";"0";"8";"0";"0";"0";"0";"0";"0";"0";"0";NA;NA;NA;NA;NA;NA;"0";"8";NA;"0";"0";"0";"0";"0";"0";"0";"0";"0";NA;"0";"11";"0";"0";"0";"0";"0";"0";NA;"0";"0";NA;"0";NA;"0";"18";"0";"0";"0";NA;"0";"0";"0";"0";"0";"0";"0";"0";"0";"0";"0";"2";"0";"0";"0";"0";"5";"10";"0";"0";"0";"0";"0";"0";"0";"10";"13";"0";"3";"0";NA;NA;"0";"0";"0";"0";NA;"0";NA;NA;NA;"0";"3";"0";"0";"0";"0";"0";NA;"0";"0";"0";"0";"0";"0";"7";"4"
"0";"0";"5";"0";"0";"0";"0";"5";"0";NA;"0";"0";"0";"0";"0";"7";"0";"0";"0";"7";"0";"0";"0";"0";NA;NA;NA;NA;NA;NA;"0";"0";NA;"0";"0";"0";"0";"0";"0";"0";"0";"0";NA;"0";"6";"0";"0";"0";"0";"0";"0";NA;"0";"0";NA;"0";NA;"0";"0";"0";"0";"19";NA;"0";"0";"0";"0";"5";"0";"0";"0";"0";"0";"0";"12";"0";"0";"0";"0";"0";"6";"0";"0";"0";"0";"0";"0";"0";"6";"0";"0";"13";"10";NA;NA;"0";"0";"0";"0";NA;"0";NA;NA;NA;"0";"0";"0";"0";"0";"0";"4";NA;"0";"0";"0";"0";"0";"0";"6";"17"
"0";"4";"16";"0";"0";"0";"0";"0";"0";NA;"0";"0";"0";"0";"0";"0";"0";"0";"0";"7";"0";"0";"0";"0";NA;NA;NA;NA;NA;NA;"0";"2";NA;"0";"0";"0";"0";"0";"0";"0";"0";"0";NA;"0";"3";"5";"0";"0";"0";"0";"0";NA;"0";"0";NA;"0";NA;"0";"3";"0";"0";"0";NA;"0";"0";"0";"0";"0";"0";"0";"0";"0";"0";"0";"0";"0";"0";"0";"0";"7";"10";"0";"0";"0";"0";"0";"0";"0";"0";"0";"0";"0";"6";NA;NA;"0";"0";"1";"0";NA;"0";NA;NA;NA;"5";"0";"0";"0";"0";"0";"0";NA;"0";"0";"0";"0";"0";"0";"27";"8"
"0";"0";"0";"0";"0";"0";"0";"17";"15";NA;"0";"0";"0";"0";"3";"18";"0";"0";"0";"12";"0";"0";"0";"0";NA;NA;NA;NA;NA;NA;"0";"0";NA;"0";"0";"0";"0";"10";"0";"0";"0";"0";NA;"0";"0";"1";"0";"0";"0";"0";"0";NA;"0";"0";NA;"0";NA;"0";"0";"0";"0";"0";NA;"0";"0";"0";"0";"8";"6";"0";"0";"0";"0";"0";"11";"11";"0";"0";"0";"3";"6";"0";"0";"0";"0";"0";"0";"0";"0";"0";"0";"2";"4";NA;NA;"0";"0";"6";"0";NA;"0";NA;NA;NA;"0";"5";"0";"0";"13";"0";"19";NA;"0";"0";"0";"0";"0";"0";"7";"15"
"0";"0";"0";"0";"0";"0";"0";"7";"14";NA;"0";"0";"0";"0";"0";"4";"0";"0";"0";"0";"4";"0";"0";"0";NA;NA;NA;NA;NA;NA;"0";"0";NA;"0";"0";"0";"0";"0";"0";"0";"0";"0";NA;"0";"0";"0";"0";"0";"0";"2";"0";NA;"0";"0";NA;"0";NA;"0";"0";"0";"0";"0";NA;"0";"0";"23";"0";"21";"0";"0";"0";"0";"0";"0";"0";"0";"0";"0";"0";"0";"4";"0";"0";"0";"0";"0";"0";"0";"5";"0";"0";"0";"0";NA;NA;"0";"0";"20";"3";NA;"0";NA;NA;NA;"15";"2";"0";"0";"0";"0";"14";NA;"0";"0";"0";"0";"0";"0";"13";"1"
"0";"0";"0";"0";"0";"0";"0";"0";"6";NA;"0";"0";"0";"0";"0";"0";"0";"0";"0";"0";"6";"0";"0";"0";NA;NA;NA;NA;NA;NA;NA;"0";NA;"0";"0";"0";"0";"0";"0";"0";"0";"0";NA;"0";"1";"0";"0";"0";"0";"0";"0";NA;"0";"0";NA;"0";NA;"0";"1";"0";"0";"0";NA;"0";"0";"0";"0";"0";"0";"0";"0";"0";"0";"0";"0";"5";"0";"0";"0";"1";"0";"0";"0";"0";"0";"0";"0";"0";"3";"0";"0";"4";"0";NA;NA;"0";"0";NA;NA;NA;"0";NA;NA;NA;"0";"1";"0";"0";"0";"0";"0";NA;"0";"0";"0";"0";"0";"0";"5";"12"
"0";"0";"0";"0";"0";"0";"0";"0";"1";NA;"0";"0";"0";"0";"0";"0";"0";"0";"0";"18";"9";"0";"0";"0";NA;NA;NA;NA;NA;NA;NA;"0";NA;"0";"0";"0";"0";"0";"0";"0";"0";"0";NA;"0";"0";"2";"0";"0";"0";"0";"0";NA;NA;"0";NA;"0";NA;"0";"0";"0";"0";"0";NA;"0";"0";"0";"0";"5";"0";"0";"0";"0";"0";"0";"0";"7";"0";"0";"0";"3";"8";"0";"0";"0";"0";"0";"0";"0";"0";"3";"0";"3";"9";NA;NA;"0";"0";NA;NA;NA;"0";NA;NA;NA;"3";"0";"0";"0";"0";"0";"5";NA;"0";"0";"0";"0";"0";"0";"0";"13"
"0";"0";"0";"0";"0";"0";"0";"1";"7";NA;"0";"0";"0";"0";"0";"6";"0";"0";"0";"5";"0";"0";"0";"0";NA;NA;NA;NA;NA;NA;NA;"0";NA;"0";"0";"0";"0";"0";"0";"0";"0";"0";NA;"0";"8";"7";"0";"0";"0";"0";"0";NA;NA;"0";NA;"0";NA;"0";"0";"0";"0";"9";NA;"0";"0";"0";"0";"0";"0";"0";"0";"0";"0";"0";"15";"3";"0";"0";"0";"6";"0";"0";"0";"0";"0";"0";"0";"0";"0";"18";"0";"0";"4";NA;NA;"0";"0";NA;NA;NA;"0";NA;NA;NA;"2";"0";"0";"0";"0";"3";"7";NA;"0";"0";"0";"0";"0";"0";"1";"0"
"0";"3";"0";"0";"0";"0";"0";"18";"5";NA;"0";"0";"0";"0";"0";"9";"0";"0";"0";"0";"0";"0";"0";"0";NA;NA;NA;NA;NA;NA;NA;"0";NA;"0";"0";"0";"0";"0";"12";"0";"0";"0";NA;"0";"5";"0";"0";"0";"0";"0";"0";NA;NA;"0";NA;"0";NA;"0";"0";"0";"0";"11";NA;"0";"0";"0";"0";"4";NA;"0";"0";"0";"0";"0";"5";"0";"0";"0";"0";"0";"1";"0";"0";"0";"0";"0";"0";"0";"0";"5";"0";"9";"3";NA;NA;"0";"0";NA;NA;NA;"0";NA;NA;NA;"3";"6";"0";"0";"0";"0";"1";NA;"22";"0";"0";"0";"0";"0";"10";"13"
"0";"0";"0";"0";"0";"0";"0";"17";"7";NA;"0";"0";"0";"0";"20";"22";"0";"0";"0";"0";"7";"0";"0";"0";NA;NA;NA;NA;NA;NA;NA;"0";NA;"0";"0";"0";"0";"0";"5";"0";"0";"0";NA;"0";"12";"0";"0";"0";"0";"0";"0";NA;NA;"0";NA;"0";NA;"0";"0";"0";"0";"0";NA;"0";"0";"0";"0";"2";NA;"0";"0";"0";"0";"0";"16";"3";"0";"0";"22";"11";"7";"0";"0";"0";"0";"0";"0";"0";"15";"0";"0";"0";"0";NA;NA;"0";"0";NA;NA;NA;"0";NA;NA;NA;"0";"0";"0";"2";"0";"0";"3";NA;"0";"0";"0";"0";"0";"0";"4";"0"
"0";"0";"0";"0";"0";"0";"0";"0";"10";NA;"0";"0";"0";"0";"12";"0";"0";"0";"0";"5";"0";"0";"0";"0";NA;NA;NA;NA;NA;NA;NA;"15";NA;"0";"0";"0";"0";"0";"0";"0";"0";"0";NA;"0";"14";"0";"0";"0";"0";"0";"0";NA;NA;"0";NA;"0";NA;"0";"0";"0";"0";"3";NA;"0";"0";"0";"0";"10";NA;"0";"0";"0";"0";"0";"11";"0";"0";"0";"0";"29";"0";"0";"0";"0";"0";"0";"0";"0";"9";"10";"0";"0";"6";NA;NA;"0";"0";NA;NA;NA;"0";NA;NA;NA;"0";"0";"0";"0";"0";"3";"0";NA;"0";"0";"0";"0";"0";"0";"4";"8"
"0";"0";"15";"0";"0";"0";"0";"9";"0";NA;"0";"0";"0";"0";"3";"0";"0";"0";"0";"9";"0";"0";"0";"0";NA;NA;NA;NA;NA;NA;NA;"0";NA;"0";"0";"0";"0";"3";"0";"0";"0";"1";NA;"0";"0";"6";"0";"0";"0";"0";"0";NA;NA;"0";NA;"0";NA;"0";"0";"0";"0";"0";NA;"0";"0";"0";"0";"12";NA;"0";"0";"0";"0";"0";"2";"13";"0";"0";"6";"4";"0";"0";"0";"0";"0";"0";"0";"0";"0";"7";"0";"0";"7";NA;NA;"0";"0";NA;NA;NA;"0";NA;NA;NA;"19";"0";"0";"0";"0";"7";"8";NA;"0";"0";"0";"0";"0";"0";"13";"6"
"0";"0";"0";"0";"0";"0";"0";"2";"0";NA;"0";"0";"0";"0";"3";"0";"0";"0";"0";"1";"0";"0";"0";"0";NA;NA;NA;NA;NA;NA;NA;"0";NA;"0";"0";"0";"0";"9";"0";"0";"0";"0";NA;"0";"6";"0";"0";"0";"0";"0";"0";NA;NA;"0";NA;"0";NA;"0";"8";"0";"0";"3";NA;"0";"0";"0";"0";"10";NA;"0";"0";"0";"0";"0";"0";"4";"0";"0";"0";"0";"8";"0";"0";"0";"0";"0";"0";"0";"13";"2";"0";"0";"0";NA;NA;"0";"0";NA;NA;NA;"0";NA;NA;NA;"4";"5";"0";"0";"0";"0";"0";NA;"0";"0";"0";"0";"0";"0";"13";"7"
"0";"0";"0";"0";"0";"0";"0";"17";"2";NA;"0";"0";"0";"0";"0";"12";"0";"0";"0";"2";"3";"0";"0";"0";NA;NA;NA;NA;NA;NA;NA;"0";NA;"0";"0";"0";"0";"2";"0";"0";"0";"0";NA;"0";"0";"16";"0";"0";"0";"0";"0";NA;NA;"0";NA;"0";NA;"0";"5";"0";"0";"0";NA;"0";"0";"0";"0";"11";NA;"0";"0";"0";"0";"0";"0";"10";"0";"0";"0";"0";"1";"0";"0";"0";"0";"0";"0";"0";"8";"6";"0";"0";"0";NA;NA;"0";"0";NA;NA;NA;"0";NA;NA;NA;"0";"0";"0";"0";"0";"0";"0";NA;"0";"0";"0";"0";"0";"0";"3";"14"
"0";"0";"0";"0";"0";"0";"0";"0";"6";NA;"0";"0";"0";"0";"0";"0";"0";"0";"0";"7";"15";"0";"0";"0";NA;NA;NA;NA;NA;NA;NA;"0";NA;"0";"0";"0";"0";"0";"0";"0";"0";"0";NA;"0";"0";"0";"0";"0";"0";"0";"0";NA;NA;"0";NA;"0";NA;"0";"0";"0";"0";"0";NA;"0";"0";"0";"0";"25";NA;"0";"0";"0";"0";"0";"4";"1";"0";"0";"0";"15";"15";"0";"0";"0";"0";"0";"0";"0";"0";"0";"0";"0";"9";NA;NA;"0";"0";NA;NA;NA;"0";NA;NA;NA;"0";"0";"0";"0";"0";"0";"0";NA;"0";"0";"0";"0";"0";"0";"9";"4"
"0";"0";"2";"0";"0";"0";"0";"5";"1";NA;"0";"0";"0";"0";"10";"5";"0";"0";"0";"0";"0";"0";"0";"0";NA;NA;NA;NA;NA;NA;NA;"0";NA;"0";"0";"0";"0";"0";"0";"0";"0";"0";NA;"0";"0";"11";"0";"0";"0";"0";"0";NA;NA;"0";NA;"0";NA;"0";"0";"0";"0";"0";NA;"0";"0";"0";"0";"4";NA;"0";"0";"0";"0";"0";"8";"13";"0";"0";"0";"4";"20";"0";"0";"0";"0";"0";"0";"0";"10";"0";"0";"3";"0";NA;NA;"0";"0";NA;NA;NA;"0";NA;NA;NA;"4";"3";"0";"0";"0";"0";"0";NA;"0";"0";"0";"0";"0";"0";"11";"0"
"0";"0";"0";"0";"0";"0";"0";"0";"0";NA;"0";"0";"0";"0";"2";"0";"0";"0";"0";"0";"0";"0";"0";"0";NA;NA;NA;NA;NA;NA;NA;"0";NA;"0";"0";"0";"12";"0";"0";"0";"0";"0";NA;"0";"0";"0";"0";"0";"0";"0";"0";NA;NA;"0";NA;"0";NA;"0";"0";"0";"0";"0";NA;"0";"0";"0";"0";"0";NA;"0";"0";"0";"0";"0";"0";"0";"0";"0";"0";"0";"8";"0";"0";"0";"0";"0";"0";"0";"0";"11";"0";"15";"0";NA;NA;"0";"0";NA;NA;NA;"0";NA;NA;NA;"1";"0";"0";"0";"0";"0";"0";NA;"0";"0";"0";"0";"0";"0";"0";"0"
"0";"11";"0";"0";"0";"0";"0";"0";"1";NA;"0";"0";"0";"0";"0";"0";"0";"0";"0";"0";"0";"0";"0";"0";NA;NA;NA;NA;NA;NA;NA;"0";NA;"0";"0";"0";"10";"1";"0";"0";"0";"0";NA;"0";"0";"0";"0";"0";"0";"0";"0";NA;NA;"0";NA;"0";NA;"0";"0";"0";"0";"0";NA;"0";"0";"0";"0";"10";NA;"0";"0";"0";"0";"0";"0";"4";"0";"0";"0";"5";"8";"0";"0";"0";"0";"0";"0";"0";"7";"9";"0";"0";"0";NA;NA;"0";"0";NA;NA;NA;"0";NA;NA;NA;"11";"10";"0";"0";"0";"0";"2";NA;"0";"0";"0";"0";"0";"0";"6";"4"
"0";"0";"0";"0";"0";"0";"0";"1";"0";NA;"0";"0";"0";"0";"1";"0";"0";"11";"0";"0";"1";"0";"0";"0";NA;NA;NA;NA;NA;NA;NA;"0";NA;"0";"0";"0";"0";"0";"0";"0";"0";"0";NA;"0";"19";"10";"0";"0";"0";"0";"0";NA;NA;"0";NA;"0";NA;"0";"0";"0";"0";"0";NA;"0";"0";"0";"0";"0";NA;"0";"0";"0";"0";"0";"7";"6";"0";"1";"0";"0";"0";"0";"0";"0";"0";"0";"0";"0";"16";"5";"0";"0";"0";NA;NA;"0";"0";NA;NA;NA;"0";NA;NA;NA;"0";"3";"0";"0";"0";"0";"0";NA;"0";"0";"0";"0";"0";"0";"3";"9"
"0";"0";"0";"0";"0";"0";"0";"1";"6";NA;"0";"0";"0";"0";"16";"0";"0";"0";"0";"9";"2";"0";"0";"0";NA;NA;NA;NA;NA;NA;NA;"0";NA;"0";"0";"0";"0";"5";"0";"0";"0";"0";NA;"0";"0";"0";"0";"0";"0";"0";"0";NA;NA;"0";NA;"0";NA;"0";"11";"0";"0";"5";NA;"0";"0";"0";"0";"0";NA;"0";"0";"0";"0";"0";"4";"0";"0";"0";"0";"17";"0";"0";"0";"0";"0";"0";"0";"0";"4";"0";"0";"5";"0";NA;NA;"0";"0";NA;NA;NA;"0";NA;NA;NA;"5";"0";"0";"0";"0";"0";"0";NA;"0";"0";"0";"0";"0";"0";"7";"9"
"0";"0";"0";"0";"0";"0";"0";"12";"15";NA;"0";"0";"0";"0";"14";"0";"0";"0";"0";"4";"0";"0";"0";"0";NA;NA;NA;NA;NA;NA;NA;NA;NA;"0";"0";"0";"0";"0";"0";"0";"0";"0";NA;"0";"6";"0";"0";"0";"0";NA;"0";NA;NA;"0";NA;"0";NA;"0";"0";"0";"0";"0";NA;"0";"0";"0";"0";"0";NA;"0";"0";"0";"0";"0";"0";"3";"0";"0";"0";"0";"7";"0";"0";"0";"0";"0";"0";"0";"11";"8";"0";"1";"13";NA;NA;"0";"0";NA;NA;NA;"0";NA;NA;NA;"0";"0";"0";"0";"0";"0";"0";NA;"0";"0";"0";"0";"0";"0";"10";"9"
"0";"0";"16";"0";"0";"0";"0";"0";"1";NA;"0";"0";"0";"0";"0";"0";"0";"0";"0";"0";"0";"0";"0";"0";NA;NA;NA;NA;NA;NA;NA;NA;NA;"0";"0";"0";"0";"7";"1";"1";"0";"0";NA;"0";"0";"0";"0";"0";"0";NA;"8";NA;NA;"0";NA;"0";NA;"0";"10";"0";"0";"3";NA;"0";"0";"0";"0";"0";NA;"0";"0";"0";"0";"0";"8";"7";"0";"0";"0";"12";"38";"0";"0";"0";"0";"0";"0";"0";"0";"2";"0";"3";"3";NA;NA;"0";"0";NA;NA;NA;"0";NA;NA;NA;"1";"0";"0";"0";"0";"0";"0";NA;"0";"0";"0";"0";"0";"0";"27";"12"
"0";"1";"10";"0";"0";"0";"0";"0";"5";NA;"0";"0";"0";"0";"0";"0";"0";"0";"0";"0";"0";"0";"0";"0";NA;NA;NA;NA;NA;NA;NA;NA;NA;"0";"0";"0";"0";"0";"0";"0";"0";"0";NA;"0";"14";"0";"0";"0";"0";NA;"0";NA;NA;"0";NA;"0";NA;"0";"0";"0";"0";"6";NA;"0";"0";"0";"0";"22";NA;"0";"0";"0";"0";"0";"11";"0";"0";"0";"0";"0";"1";"0";"0";"0";"0";"0";"0";"0";"8";"0";"0";"0";"0";NA;NA;"0";"0";NA;NA;NA;"0";NA;NA;NA;"0";"0";"0";"0";"0";"0";"0";NA;"0";"0";"0";"0";"0";"0";"15";"7"
"0";"0";"0";"0";"0";"0";"0";"1";"0";NA;"0";"0";"0";"0";"0";"9";"0";"0";"0";"0";"0";"0";"0";"0";NA;NA;NA;NA;NA;NA;NA;NA;NA;"0";"0";"0";"0";"9";"0";"0";"0";"0";NA;"0";"0";"5";"0";"0";"0";NA;"0";NA;NA;"0";NA;"0";NA;"0";"0";"0";"0";"0";NA;"0";"0";"0";"0";"0";NA;"0";"0";"0";"0";"0";"6";"10";"0";"0";"0";"24";"2";"0";"0";"0";"0";"0";"0";"0";"9";"16";"0";"5";"0";NA;NA;"0";"0";NA;NA;NA;"0";NA;NA;NA;"0";"0";"0";"0";"0";"0";"0";NA;"0";"0";"0";"0";"0";"0";"7";"9"
"0";"0";"23";"0";"0";"0";"0";"0";"0";NA;"0";"0";"0";"0";"0";"2";"0";"0";"0";"3";"0";"0";"0";"0";NA;NA;NA;NA;NA;NA;NA;NA;NA;"0";"0";"0";"0";"0";"0";"0";"0";"0";NA;"0";"5";"6";"0";"0";"0";NA;"0";NA;NA;"0";NA;"0";NA;"0";"3";"27";"0";"6";NA;"0";"0";"0";"0";"7";NA;"0";"0";"0";"0";"0";"15";"0";"0";"0";"0";"3";"41";"0";"0";"0";"0";"0";"0";"0";"12";"14";"0";"0";"0";NA;NA;"0";"0";NA;NA;NA;"0";NA;NA;NA;NA;"0";"0";"0";"0";"0";"0";NA;"0";"0";"0";"0";"0";"0";"24";"6"
"0";"4";"0";"0";"0";"0";"0";"1";"0";NA;"0";"0";"0";"0";"11";"23";"0";"0";"0";"5";"15";"0";"0";"0";NA;NA;NA;NA;NA;NA;NA;NA;NA;"0";"0";"0";"0";"0";"0";"0";"0";"0";NA;"0";"0";"0";"0";"0";"0";NA;"0";NA;NA;"0";NA;"0";NA;"0";"0";"3";"0";"6";NA;"0";"0";"0";"0";"25";NA;"0";"0";"0";"0";"0";"13";"20";"0";"0";"0";"8";"6";"0";"0";"0";"0";"0";"0";"0";"0";"10";"0";"0";"0";NA;NA;"0";"0";NA;NA;NA;"0";NA;NA;NA;NA;"4";"0";"0";"0";"0";"1";NA;"0";"0";"0";"0";"0";"0";"24";"10"
"0";"0";"11";"0";"0";"0";"0";"0";"0";NA;"0";"0";"0";"0";"13";"0";"0";"0";"0";"3";"10";"0";"0";"0";NA;NA;NA;NA;NA;NA;NA;NA;NA;"0";"0";"0";"0";"0";"0";"0";"0";"0";NA;"0";"0";"0";"0";"0";"0";NA;"0";NA;NA;"0";NA;"0";NA;"0";"0";"11";"0";"0";NA;"0";"0";"0";"0";"0";NA;"0";"0";"0";"0";"0";"9";"16";"0";"0";"0";"0";"0";"0";"0";"0";"0";"0";"0";"0";"12";"10";"0";"0";"0";NA;NA;"0";"0";NA;NA;NA;"0";NA;NA;NA;NA;"14";"0";"0";"0";"0";"2";NA;"0";"0";"0";"0";"0";"0";"6";"9"
"0";"17";"0";"0";"0";"0";"0";"0";"15";NA;"0";"0";"0";"0";"0";"0";"0";"0";"0";"0";"0";"3";"0";"0";NA;NA;NA;NA;NA;NA;NA;NA;NA;"0";"0";"0";"0";"0";"0";"0";"0";"0";NA;"0";"0";"0";"0";"0";"0";NA;"0";NA;NA;"0";NA;"0";NA;"0";"0";"0";"0";"0";NA;"0";"0";"0";"0";"0";NA;"0";"0";"0";"0";"0";"2";"5";"0";"0";"0";"11";"8";"0";"0";"0";"0";"0";"0";"0";"9";"8";"0";"0";"14";NA;NA;"0";"0";NA;NA;NA;"0";NA;NA;NA;NA;"15";"0";"0";"0";"0";"0";NA;"0";"0";"0";"0";"0";"0";"12";"0"
"0";NA;"0";"0";"0";"0";"0";"19";NA;NA;"0";"0";"0";"0";"0";"0";"0";"0";"0";NA;"0";NA;"0";"0";NA;NA;NA;NA;NA;NA;NA;NA;NA;"0";"0";NA;"0";NA;"3";"0";NA;"0";NA;"0";"0";NA;"0";NA;"0";NA;"0";NA;NA;NA;NA;NA;NA;"0";"22";NA;"0";"39";NA;NA;"0";"0";"0";NA;NA;"0";"0";NA;"0";"0";"12";"0";"0";"0";NA;"5";"12";"0";NA;"0";"0";"0";"0";"0";"8";"15";NA;NA;NA;NA;NA;"0";"0";NA;NA;NA;"0";NA;NA;NA;NA;NA;"0";NA;"0";"0";"0";NA;"0";"0";"0";"0";"0";"0";"11";"22"
"0";NA;"3";"0";"0";"0";"0";"1";NA;NA;NA;NA;"0";"0";"0";"0";"0";NA;"0";NA;"6";NA;"0";"0";NA;NA;NA;NA;NA;NA;NA;NA;NA;"0";"0";NA;"0";NA;"0";NA;NA;"0";NA;NA;"28";NA;NA;NA;"0";NA;NA;NA;NA;NA;NA;NA;NA;"0";"0";NA;"0";"0";NA;NA;"0";"0";NA;NA;NA;NA;NA;NA;"0";"0";"2";"0";"0";"0";NA;"27";"9";NA;NA;"0";"0";"0";NA;"0";NA;"1";NA;NA;NA;NA;NA;"0";"0";NA;NA;NA;"0";NA;NA;NA;NA;NA;"0";NA;"0";"0";"0";NA;"0";"0";"0";"0";"0";"0";"4";"16"
"0";NA;NA;NA;"0";NA;NA;"5";NA;NA;NA;NA;NA;"0";"0";"0";"0";NA;"0";NA;"0";NA;"0";"0";NA;NA;NA;NA;NA;NA;NA;NA;NA;"0";"0";NA;"0";NA;"0";NA;NA;"0";NA;NA;"0";NA;NA;NA;"0";NA;NA;NA;NA;NA;NA;NA;NA;"0";NA;NA;NA;"10";NA;NA;NA;"0";NA;NA;NA;NA;NA;NA;"0";NA;"2";"8";"0";"0";NA;"0";NA;NA;NA;"0";NA;"0";NA;"0";NA;"7";NA;NA;NA;NA;NA;NA;"0";NA;NA;NA;"0";NA;NA;NA;NA;NA;NA;NA;NA;"0";"2";NA;"0";"0";"0";"0";"0";"0";"8";"1"
"0";NA;NA;NA;"0";NA;NA;"9";NA;NA;NA;NA;NA;"0";NA;"7";"0";NA;"0";NA;"0";NA;"0";"0";NA;NA;NA;NA;NA;NA;NA;NA;NA;"0";"0";NA;NA;NA;"7";NA;NA;"0";NA;NA;NA;NA;NA;NA;"0";NA;NA;NA;NA;NA;NA;NA;NA;NA;NA;NA;NA;NA;NA;NA;NA;"0";NA;NA;NA;NA;NA;NA;"0";NA;"18";NA;NA;"0";NA;NA;NA;NA;NA;NA;NA;"0";NA;NA;NA;"0";NA;NA;NA;NA;NA;NA;NA;NA;NA;NA;"0";NA;NA;NA;NA;NA;NA;NA;NA;NA;"0";NA;"0";"0";"0";"0";"0";"0";NA;"11"
"0";NA;NA;NA;"0";NA;NA;"5";NA;NA;NA;NA;NA;"0";NA;"0";NA;NA;"0";NA;"0";NA;"0";NA;NA;NA;NA;NA;NA;NA;NA;NA;NA;"0";"0";NA;NA;NA;"0";NA;NA;"0";NA;NA;NA;NA;NA;NA;"0";NA;NA;NA;NA;NA;NA;NA;NA;NA;NA;NA;NA;NA;NA;NA;NA;"0";NA;NA;NA;NA;NA;NA;"0";NA;"0";NA;NA;"0";NA;NA;NA;NA;NA;NA;NA;"0";NA;NA;NA;NA;NA;NA;NA;NA;NA;NA;NA;NA;NA;NA;"0";NA;NA;NA;NA;NA;NA;NA;NA;NA;NA;NA;NA;"0";NA;"0";"0";"0";NA;NA
NA;NA;NA;NA;"0";NA;NA;NA;NA;NA;NA;NA;NA;NA;NA;"0";NA;NA;"0";NA;"7";NA;NA;NA;NA;NA;NA;NA;NA;NA;NA;NA;NA;"0";NA;NA;NA;NA;"0";NA;NA;"0";NA;NA;NA;NA;NA;NA;"0";NA;NA;NA;NA;NA;NA;NA;NA;NA;NA;NA;NA;NA;NA;NA;NA;"0";NA;NA;NA;NA;NA;NA;"0";NA;NA;NA;NA;NA;NA;NA;NA;NA;NA;NA;NA;"0";NA;NA;NA;NA;NA;NA;NA;NA;NA;NA;NA;NA;NA;NA;"0";NA;NA;NA;NA;NA;NA;NA;NA;NA;NA;NA;NA;"0";NA;"0";"0";"0";NA;NA
NA;NA;NA;NA;"0";NA;NA;NA;NA;NA;NA;NA;NA;NA;NA;NA;NA;NA;"0";NA;"0";NA;NA;NA;NA;NA;NA;NA;NA;NA;NA;NA;NA;"0";NA;NA;NA;NA;"0";NA;NA;"0";NA;NA;NA;NA;NA;NA;NA;NA;NA;NA;NA;NA;NA;NA;NA;NA;NA;NA;NA;NA;NA;NA;NA;"0";NA;NA;NA;NA;NA;NA;"0";NA;NA;NA;NA;NA;NA;NA;NA;NA;NA;NA;NA;"0";NA;NA;NA;NA;NA;NA;NA;NA;NA;NA;NA;NA;NA;NA;NA;NA;NA;NA;NA;NA;NA;NA;NA;NA;NA;NA;NA;NA;NA;"0";"0";"0";NA;NA
NA;NA;NA;NA;"0";NA;NA;NA;NA;NA;NA;NA;NA;NA;NA;NA;NA;NA;"0";NA;NA;NA;NA;NA;NA;NA;NA;NA;NA;NA;NA;NA;NA;"0";NA;NA;NA;NA;NA;NA;NA;NA;NA;NA;NA;NA;NA;NA;NA;NA;NA;NA;NA;NA;NA;NA;NA;NA;NA;NA;NA;NA;NA;NA;NA;"0";NA;NA;NA;NA;NA;NA;NA;NA;NA;NA;NA;NA;NA;NA;NA;NA;NA;NA;NA;"0";NA;NA;NA;NA;NA;NA;NA;NA;NA;NA;NA;NA;NA;NA;NA;NA;NA;NA;NA;NA;NA;NA;NA;NA;NA;NA;NA;NA;NA;"0";"0";"0";NA;NA
NA;NA;NA;NA;"0";NA;NA;NA;NA;NA;NA;NA;NA;NA;NA;NA;NA;NA;NA;NA;NA;NA;NA;NA;NA;NA;NA;NA;NA;NA;NA;NA;NA;"0";NA;NA;NA;NA;NA;NA;NA;NA;NA;NA;NA;NA;NA;NA;NA;NA;NA;NA;NA;NA;NA;NA;NA;NA;NA;NA;NA;NA;NA;NA;NA;"0";NA;NA;NA;NA;NA;NA;NA;NA;NA;NA;NA;NA;NA;NA;NA;NA;NA;NA;NA;"0";NA;NA;NA;NA;NA;NA;NA;NA;NA;NA;NA;NA;NA;NA;NA;NA;NA;NA;NA;NA;NA;NA;NA;NA;NA;NA;NA;NA;NA;"0";"0";"0";NA;NA
NA;NA;NA;NA;NA;NA;NA;NA;NA;NA;NA;NA;NA;NA;NA;NA;NA;NA;NA;NA;NA;NA;NA;NA;NA;NA;NA;NA;NA;NA;NA;NA;NA;"0";NA;NA;NA;NA;NA;NA;NA;NA;NA;NA;NA;NA;NA;NA;NA;NA;NA;NA;NA;NA;NA;NA;NA;NA;NA;NA;NA;NA;NA;NA;NA;"0";NA;NA;NA;NA;NA;NA;NA;NA;NA;NA;NA;NA;NA;NA;NA;NA;NA;NA;NA;"0";NA;NA;NA;NA;NA;NA;NA;NA;NA;NA;NA;NA;NA;NA;NA;NA;NA;NA;NA;NA;NA;NA;NA;NA;NA;NA;NA;NA;NA;"0";"0";"0";NA;NA
NA;NA;NA;NA;NA;NA;NA;NA;NA;NA;NA;NA;NA;NA;NA;NA;NA;NA;NA;NA;NA;NA;NA;NA;NA;NA;NA;NA;NA;NA;NA;NA;NA;"0";NA;NA;NA;NA;NA;NA;NA;NA;NA;NA;NA;NA;NA;NA;NA;NA;NA;NA;NA;NA;NA;NA;NA;NA;NA;NA;NA;NA;NA;NA;NA;NA;NA;NA;NA;NA;NA;NA;NA;NA;NA;NA;NA;NA;NA;NA;NA;NA;NA;NA;NA;"0";NA;NA;NA;NA;NA;NA;NA;NA;NA;NA;NA;NA;NA;NA;NA;NA;NA;NA;NA;NA;NA;NA;NA;NA;NA;NA;NA;NA;NA;"0";"0";"0";NA;NA
NA;NA;NA;NA;NA;NA;NA;NA;NA;NA;NA;NA;NA;NA;NA;NA;NA;NA;NA;NA;NA;NA;NA;NA;NA;NA;NA;NA;NA;NA;NA;NA;NA;NA;NA;NA;NA;NA;NA;NA;NA;NA;NA;NA;NA;NA;NA;NA;NA;NA;NA;NA;NA;NA;NA;NA;NA;NA;NA;NA;NA;NA;NA;NA;NA;NA;NA;NA;NA;NA;NA;NA;NA;NA;NA;NA;NA;NA;NA;NA;NA;NA;NA;NA;NA;NA;NA;NA;NA;NA;NA;NA;NA;NA;NA;NA;NA;NA;NA;NA;NA;NA;NA;NA;NA;NA;NA;NA;NA;NA;NA;NA;NA;NA;NA;"0";"0";"0";NA;NA
NA;NA;NA;NA;NA;NA;NA;NA;NA;NA;NA;NA;NA;NA;NA;NA;NA;NA;NA;NA;NA;NA;NA;NA;NA;NA;NA;NA;NA;NA;NA;NA;NA;NA;NA;NA;NA;NA;NA;NA;NA;NA;NA;NA;NA;NA;NA;NA;NA;NA;NA;NA;NA;NA;NA;NA;NA;NA;NA;NA;NA;NA;NA;NA;NA;NA;NA;NA;NA;NA;NA;NA;NA;NA;NA;NA;NA;NA;NA;NA;NA;NA;NA;NA;NA;NA;NA;NA;NA;NA;NA;NA;NA;NA;NA;NA;NA;NA;NA;NA;NA;NA;NA;NA;NA;NA;NA;NA;NA;NA;NA;NA;NA;NA;NA;"0";"0";"0";NA;NA
NA;NA;NA;NA;NA;NA;NA;NA;NA;NA;NA;NA;NA;NA;NA;NA;NA;NA;NA;NA;NA;NA;NA;NA;NA;NA;NA;NA;NA;NA;NA;NA;NA;NA;NA;NA;NA;NA;NA;NA;NA;NA;NA;NA;NA;NA;NA;NA;NA;NA;NA;NA;NA;NA;NA;NA;NA;NA;NA;NA;NA;NA;NA;NA;NA;NA;NA;NA;NA;NA;NA;NA;NA;NA;NA;NA;NA;NA;NA;NA;NA;NA;NA;NA;NA;NA;NA;NA;NA;NA;NA;NA;NA;NA;NA;NA;NA;NA;NA;NA;NA;NA;NA;NA;NA;NA;NA;NA;NA;NA;NA;NA;NA;NA;NA;"0";"0";"0";NA;NA
NA;NA;NA;NA;NA;NA;NA;NA;NA;NA;NA;NA;NA;NA;NA;NA;NA;NA;NA;NA;NA;NA;NA;NA;NA;NA;NA;NA;NA;NA;NA;NA;NA;NA;NA;NA;NA;NA;NA;NA;NA;NA;NA;NA;NA;NA;NA;NA;NA;NA;NA;NA;NA;NA;NA;NA;NA;NA;NA;NA;NA;NA;NA;NA;NA;NA;NA;NA;NA;NA;NA;NA;NA;NA;NA;NA;NA;NA;NA;NA;NA;NA;NA;NA;NA;NA;NA;NA;NA;NA;NA;NA;NA;NA;NA;NA;NA;NA;NA;NA;NA;NA;NA;NA;NA;NA;NA;NA;NA;NA;NA;NA;NA;NA;NA;"0";"0";"0";NA;NA
NA;NA;NA;NA;NA;NA;NA;NA;NA;NA;NA;NA;NA;NA;NA;NA;NA;NA;NA;NA;NA;NA;NA;NA;NA;NA;NA;NA;NA;NA;NA;NA;NA;NA;NA;NA;NA;NA;NA;NA;NA;NA;NA;NA;NA;NA;NA;NA;NA;NA;NA;NA;NA;NA;NA;NA;NA;NA;NA;NA;NA;NA;NA;NA;NA;NA;NA;NA;NA;NA;NA;NA;NA;NA;NA;NA;NA;NA;NA;NA;NA;NA;NA;NA;NA;NA;NA;NA;NA;NA;NA;NA;NA;NA;NA;NA;NA;NA;NA;NA;NA;NA;NA;NA;NA;NA;NA;NA;NA;NA;NA;NA;NA;NA;NA;"0";NA;NA;NA;NA
NA;NA;NA;NA;NA;NA;NA;NA;NA;NA;NA;NA;NA;NA;NA;NA;NA;NA;NA;NA;NA;NA;NA;NA;NA;NA;NA;NA;NA;NA;NA;NA;NA;NA;NA;NA;NA;NA;NA;NA;NA;NA;NA;NA;NA;NA;NA;NA;NA;NA;NA;NA;NA;NA;NA;NA;NA;NA;NA;NA;NA;NA;NA;NA;NA;NA;NA;NA;NA;NA;NA;NA;NA;NA;NA;NA;NA;NA;NA;NA;NA;NA;NA;NA;NA;NA;NA;NA;NA;NA;NA;NA;NA;NA;NA;NA;NA;NA;NA;NA;NA;NA;NA;NA;NA;NA;NA;NA;NA;NA;NA;NA;NA;NA;NA;"0";NA;NA;NA;NA
